study,year,location,state,elevation,region,inc_check,inc,scl_check,scl,yld_check,design_yld,fungicide2,mean_yld,mean_yld_qmr,mean_yld_sd
1,2008/2009,Montividiu,GO,921,Northern,76,26,2194,643,2265,3,FLUZ-2,2965,34780.024,285.09
1,2008/2009,Montividiu,GO,921,Northern,76,27,2194,643,2265,3,FLUO-2,3044,34780.024,189.12
1,2008/2009,Montividiu,GO,921,Northern,76,28,2194,921,2265,3,DIMO+BOSC-2,2925,34780.024,203.47
1,2008/2009,Montividiu,GO,921,Northern,76,40,2194,516,2265,3,PROCY-2,2967,34780.024,226.41
1,2008/2009,Montividiu,GO,921,Northern,76,76,2194,2194,2265,3,AACHECK-0,2265,34780.024,85.57
2,2008/2009,São Miguel do Passa Quatro,GO,1031,Northern,53,7,1331,131,2257,3,DIMO+BOSC-2,2666,37608.393,63.87
2,2008/2009,São Miguel do Passa Quatro,GO,1031,Northern,53,8,1331,206,2257,3,FLUZ-2,2694,37608.393,169.26
2,2008/2009,São Miguel do Passa Quatro,GO,1031,Northern,53,15,1331,275,2257,3,FLUO-2,2674,37608.393,15.67
2,2008/2009,São Miguel do Passa Quatro,GO,1031,Northern,53,16,1331,119,2257,3,PROCY-2,2614,37608.393,347.41
2,2008/2009,São Miguel do Passa Quatro,GO,1031,Northern,53,53,1331,1331,2257,3,AACHECK-0,2257,37608.393,62.99
3,2008/2009,Silvânia,GO,1050,Northern,65,23,5013,419,2839,3,FLUO-2,3652,32613.335,150.94
3,2008/2009,Silvânia,GO,1050,Northern,65,25,5013,1763,2839,3,PROCY-2,3517,32613.335,168.54
3,2008/2009,Silvânia,GO,1050,Northern,65,25,5013,644,2839,3,DIMO+BOSC-2,3608,32613.335,87.83
3,2008/2009,Silvânia,GO,1050,Northern,65,26,5013,2894,2839,3,FLUZ-2,3595,32613.335,216.09
3,2008/2009,Silvânia,GO,1050,Northern,65,65,5013,5013,2839,3,AACHECK-0,2839,32613.335,170.46
4,2008/2009,Mauá da Serra,PR,1029,Southern,69,26,6216,1456,1893,3,FLUZ-2,2769,98805.484,258.18
4,2008/2009,Mauá da Serra,PR,1029,Southern,69,30,6216,1080,1893,3,FLUO-2,2298,98805.484,207.55
4,2008/2009,Mauá da Serra,PR,1029,Southern,69,34,6216,1592,1893,3,DIMO+BOSC-2,2976,98805.484,440.2
4,2008/2009,Mauá da Serra,PR,1029,Southern,69,43,6216,1744,1893,3,PROCY-2,2367,98805.484,268.63
4,2008/2009,Mauá da Serra,PR,1029,Southern,69,69,6216,6216,1893,3,AACHECK-0,1893,98805.484,218.32
5,2008/2009,Nova Ponte,MG,999,Northern,21,5,8500,2833,2476,3,FLUO-2,2631,75093.202,251.81
5,2008/2009,Nova Ponte,MG,999,Northern,21,7,8500,3000,2476,3,FLUZ-2,2585,75093.202,292.55
5,2008/2009,Nova Ponte,MG,999,Northern,21,8,8500,3117,2476,3,DIMO+BOSC-2,2301,75093.202,266.03
5,2008/2009,Nova Ponte,MG,999,Northern,21,9,8500,3000,2476,3,PROCY-2,2576,75093.202,313.06
5,2008/2009,Nova Ponte,MG,999,Northern,21,21,8500,8500,2476,3,AACHECK-0,2476,75093.202,432.58
6,2009/2010,Montividiu,GO,921,Northern,90.3,54.1,2225,601,2460,4,FLUZ-2,3370,50030.77,269.46
6,2009/2010,Montividiu,GO,921,Northern,90.3,66.9,2225,842,2460,4,PROCY-2,3053,50030.77,105.83
6,2009/2010,Montividiu,GO,921,Northern,90.3,74.7,2225,541,2460,4,FLUO-2,3106,50030.77,136.62
6,2009/2010,Montividiu,GO,921,Northern,90.3,75.9,2225,341,2460,4,DIMO+BOSC-2,3113,50030.77,269.92
6,2009/2010,Montividiu,GO,921,Northern,90.3,79.1,2225,822,2460,4,TIOF-4,3011,50030.77,114.15
6,2009/2010,Montividiu,GO,921,Northern,90.3,90.3,2225,2225,2460,4,AACHECK-0,2460,50030.77,418.32
7,2009/2010,São Miguel do Passa Quatro,GO,1027,Northern,39.4,4.4,5653,401,3318,4,FLUO-2,4040,114744.283,130.28
7,2009/2010,São Miguel do Passa Quatro,GO,1027,Northern,39.4,5,5653,702,3318,4,DIMO+BOSC-2,3914,114744.283,418.18
7,2009/2010,São Miguel do Passa Quatro,GO,1027,Northern,39.4,7.8,5653,1002,3318,4,FLUZ-2,4041,114744.283,549.42
7,2009/2010,São Miguel do Passa Quatro,GO,1027,Northern,39.4,8.3,5653,1664,3318,4,PROCY-2,3774,114744.283,608.91
7,2009/2010,São Miguel do Passa Quatro,GO,1027,Northern,39.4,11.4,5653,2405,3318,4,TIOF-4,3428,114744.283,246.45
7,2009/2010,São Miguel do Passa Quatro,GO,1027,Northern,39.4,39.4,5653,5653,3318,4,AACHECK-0,3319,114744.283,110.17
8,2009/2010,Água Fria,GO,891,Northern,37.7,1,5092,180,3729,4,PROCY-2,3904,61624.247,266.86
8,2009/2010,Água Fria,GO,891,Northern,37.7,1.1,5092,20,3729,4,DIMO+BOSC-2,4090,61624.247,264.18
8,2009/2010,Água Fria,GO,891,Northern,37.7,3.7,5092,1203,3729,4,FLUO-2,4177,61624.247,428.97
8,2009/2010,Água Fria,GO,891,Northern,37.7,5.6,5092,1123,3729,4,FLUZ-2,4471,61624.247,352.46
8,2009/2010,Água Fria,GO,891,Northern,37.7,11.6,5092,6154,3729,4,TIOF-4,3739,61624.247,220.8
8,2009/2010,Água Fria,GO,891,Northern,37.7,37.7,5092,5092,3729,4,AACHECK-0,3729,61624.247,87.6
9,2009/2010,Campo Verde,MT,985,Northern,43.7,14.1,461,160,1833,5,PROCY-2,2412,327154.505,905.35
9,2009/2010,Campo Verde,MT,985,Northern,43.7,17.2,461,80,1833,5,FLUO-2,2224,327154.505,847.99
9,2009/2010,Campo Verde,MT,985,Northern,43.7,21.9,461,180,1833,5,FLUZ-2,2366,327154.505,413.33
9,2009/2010,Campo Verde,MT,985,Northern,43.7,38.2,461,481,1833,5,TIOF-4,2366,327154.505,612.98
9,2009/2010,Campo Verde,MT,985,Northern,43.7,43.7,461,461,1833,5,AACHECK-0,1833,327154.505,428.68
10,2009/2010,Nova Ponte,MG,1005,Northern,16.5,4,1804,2245,2940,4,FLUZ-2,3207,80480.89,329.05
10,2009/2010,Nova Ponte,MG,1005,Northern,16.5,7.8,1804,1704,2940,4,PROCY-2,3013,80480.89,413.29
10,2009/2010,Nova Ponte,MG,1005,Northern,16.5,9.8,1804,2646,2940,4,TIOF-4,3008,80480.89,264.24
10,2009/2010,Nova Ponte,MG,1005,Northern,16.5,16.5,1804,1804,2940,4,AACHECK-0,2940,80480.89,295.75
10,2009/2010,Nova Ponte,MG,1005,Northern,16.5,NA,1804,261,2940,4,FLUO-2,3169,80480.89,114.22
10,2009/2010,Nova Ponte,MG,1005,Northern,16.5,NA,1804,301,2940,4,DIMO+BOSC-2,3058,80480.89,340.92
11,2009/2010,Uberlândia,MG,947,Northern,32,2.7,4370,2606,2163,4,DIMO+BOSC-2,2853,130887.781,258.24
11,2009/2010,Uberlândia,MG,947,Northern,32,3.4,4370,1163,2163,4,FLUO-2,2997,130887.781,209.5
11,2009/2010,Uberlândia,MG,947,Northern,32,4.5,4370,3247,2163,4,FLUZ-2,2993,130887.781,139.12
11,2009/2010,Uberlândia,MG,947,Northern,32,5.5,4370,5533,2163,4,PROCY-2,3110,130887.781,531.6
11,2009/2010,Uberlândia,MG,947,Northern,32,8.2,4370,1764,2163,4,TIOF-4,3227,130887.781,400.03
11,2009/2010,Uberlândia,MG,947,Northern,32,32,4370,4370,2163,4,AACHECK-0,2163,130887.781,418.84
12,2009/2010,Pilar do Sul,SP,800,Southern,55,3.25,NA,NA,3351,4,PROCY-2,4780,387631.18,1063.82
12,2009/2010,Pilar do Sul,SP,800,Southern,55,5.25,NA,NA,3351,4,FLUO-2,4669.5,387631.18,768.79
12,2009/2010,Pilar do Sul,SP,800,Southern,55,7,NA,NA,3351,4,FLUZ-2,4433.5,387631.18,762.45
12,2009/2010,Pilar do Sul,SP,800,Southern,55,8.75,NA,NA,3351,4,DIMO+BOSC-2,4865.5,387631.18,676.69
12,2009/2010,Pilar do Sul,SP,800,Southern,55,14.5,NA,NA,3351,4,TIOF-4,4668.5,387631.18,719.83
12,2009/2010,Pilar do Sul,SP,800,Southern,55,55,NA,NA,3351,4,AACHECK-0,3351,387631.18,327.62
13,2009/2010,Mauá da Serra,PR,909,Southern,40.6,9.4,2606,501,1941,4,FLUO-2,2324,127321.956,289.94
13,2009/2010,Mauá da Serra,PR,909,Southern,40.6,10,2606,241,1941,4,DIMO+BOSC-2,2899,127321.956,502.03
13,2009/2010,Mauá da Serra,PR,909,Southern,40.6,15.6,2606,702,1941,4,PROCY-2,2627,127321.956,631.27
13,2009/2010,Mauá da Serra,PR,909,Southern,40.6,17.5,2606,621,1941,4,FLUZ-2,2327,127321.956,337.38
13,2009/2010,Mauá da Serra,PR,909,Southern,40.6,24.3,2606,1503,1941,4,TIOF-4,2322,127321.956,362.72
13,2009/2010,Mauá da Serra,PR,909,Southern,40.6,40.6,2606,2606,1941,4,AACHECK-0,1941,127321.956,218.24
14,2010/2011,Montividiu,GO,921,Northern,43.1,3.1,2926,182,3013,4,FLUZ-2,3706,46277.776,215.3749449
14,2010/2011,Montividiu,GO,921,Northern,43.1,5.3,2926,188,3013,4,DIMO+BOSC-2,3622,46277.776,227.658619
14,2010/2011,Montividiu,GO,921,Northern,43.1,5.8,2926,254,3013,4,FLUO-2,3664,46277.776,323.9346552
14,2010/2011,Montividiu,GO,921,Northern,43.1,11.9,2926,430,3013,4,PROCY-2,3566,46277.776,267.9186318
14,2010/2011,Montividiu,GO,921,Northern,43.1,26.9,2926,812,3013,4,TIOF-4,3412,46277.776,106.6294251
14,2010/2011,Montividiu,GO,921,Northern,43.1,43.1,2926,2926,3013,4,AACHECK-0,3013,46277.776,213.5557689
15,2010/2011,São Miguel do Passa Quatro,GO,1027,Northern,31.28,8.8,1736,160,2464,4,FLUO-2,3237,42121.71,234.5668895
15,2010/2011,São Miguel do Passa Quatro,GO,1027,Northern,31.28,9.08,1736,56,2464,4,FLUZ-2,3221,42121.71,121.3696718
15,2010/2011,São Miguel do Passa Quatro,GO,1027,Northern,31.28,9.38,1736,156,2464,4,DIMO+BOSC-2,3203,42121.71,267.7465824
15,2010/2011,São Miguel do Passa Quatro,GO,1027,Northern,31.28,10.63,1736,10,2464,4,PROCY-2,3236,42121.71,265.0485077
15,2010/2011,São Miguel do Passa Quatro,GO,1027,Northern,31.28,20.03,1736,440,2464,4,TIOF-4,2860,42121.71,330.4969892
15,2010/2011,São Miguel do Passa Quatro,GO,1027,Northern,31.28,31.28,1736,1736,2464,4,AACHECK-0,2464,42121.71,116.3468667
16,2010/2011,Silvânia,GO,1050,Northern,36.8,5,4556,166,2935,4,FLUO-2,4244,117429.612,305.8171205
16,2010/2011,Silvânia,GO,1050,Northern,36.8,5.8,4556,260,2935,4,DIMO+BOSC-2,4275,117429.612,92.25534882
16,2010/2011,Silvânia,GO,1050,Northern,36.8,6,4556,226,2935,4,FLUZ-2,4379,117429.612,332.1027006
16,2010/2011,Silvânia,GO,1050,Northern,36.8,8.8,4556,680,2935,4,PROCY-2,4120,117429.612,458.5462146
16,2010/2011,Silvânia,GO,1050,Northern,36.8,12.3,4556,1030,2935,4,TIOF-4,4026,117429.612,353.4353698
16,2010/2011,Silvânia,GO,1050,Northern,36.8,36.8,4556,4556,2935,4,AACHECK-0,2935,117429.612,228.3605109
17,2010/2011,Água Fria,GO,891,Northern,36,2,9480,2820,2847,4,FLUO-2,3666,65985.822,258.427618
17,2010/2011,Água Fria,GO,891,Northern,36,4,9480,400,2847,4,PROCY-2,2996,65985.822,261.747409
17,2010/2011,Água Fria,GO,891,Northern,36,4,9480,760,2847,4,DIMO+BOSC-2,3898,65985.822,325.4873711
17,2010/2011,Água Fria,GO,891,Northern,36,6,9480,4480,2847,4,FLUZ-2,4095,65985.822,172.1885018
17,2010/2011,Água Fria,GO,891,Northern,36,12,9480,5200,2847,4,TIOF-4,3515,65985.822,209.1932431
17,2010/2011,Água Fria,GO,891,Northern,36,36,9480,9480,2847,4,AACHECK-0,2847,65985.822,254.4137304
18,2010/2011,Ponta Grossa,PR,1021,Southern,64.5,9.3,9380,900,3652,4,PROCY-2,4403,151705.79,341.6366748
18,2010/2011,Ponta Grossa,PR,1021,Southern,64.5,12.5,9380,2050,3652,4,FLUZ-2,4877,151705.79,283.3492973
18,2010/2011,Ponta Grossa,PR,1021,Southern,64.5,25,9380,3270,3652,4,DIMO+BOSC-2,4711,151705.79,460.8109987
18,2010/2011,Ponta Grossa,PR,1021,Southern,64.5,46.3,9380,5120,3652,4,TIOF-4,3727,151705.79,341.3851351
18,2010/2011,Ponta Grossa,PR,1021,Southern,64.5,56.5,9380,5280,3652,4,FLUO-2,3793,151705.79,523.3827037
18,2010/2011,Ponta Grossa,PR,1021,Southern,64.5,64.5,9380,9380,3652,4,AACHECK-0,3652,151705.79,275.9971316
19,2010/2011,Marilândia do Sul,PR,868,Southern,15.4,0.5,5700,660,2725,4,DIMO+BOSC-2,3392,65985.015,325.4873711
19,2010/2011,Marilândia do Sul,PR,868,Southern,15.4,2.4,5700,800,2725,4,PROCY-2,2667,65985.015,261.747409
19,2010/2011,Marilândia do Sul,PR,868,Southern,15.4,3.4,5700,1100,2725,4,FLUZ-2,2665,65985.015,172.1885018
19,2010/2011,Marilândia do Sul,PR,868,Southern,15.4,6.1,5700,2360,2725,4,TIOF-4,2902,65985.015,209.1932431
19,2010/2011,Marilândia do Sul,PR,868,Southern,15.4,11,5700,2800,2725,4,FLUO-2,2725,65985.015,258.427618
19,2010/2011,Marilândia do Sul,PR,868,Southern,15.4,15.4,5700,5700,2725,4,AACHECK-0,2725,65985.015,254.4137304
20,2011/2012,São Miguel do Passa Quatro,GO,1027,Northern,42.1,7.5,3277,1894,1986,4,FLUO-2,2343,89704.967,265.5897304
20,2011/2012,São Miguel do Passa Quatro,GO,1027,Northern,42.1,7.8,3277,2266,1986,4,FLUZ-2,2226,89704.967,310.5133843
20,2011/2012,São Miguel do Passa Quatro,GO,1027,Northern,42.1,7.8,3277,863,1986,4,DIMO+BOSC-2,2366,89704.967,165.5285865
20,2011/2012,São Miguel do Passa Quatro,GO,1027,Northern,42.1,12.8,3277,1606,1986,4,PROCY-2,2300,89704.967,180.4548634
20,2011/2012,São Miguel do Passa Quatro,GO,1027,Northern,42.1,27.2,3277,3062,1986,4,TIOF-4,2120,89704.967,306.5192596
20,2011/2012,São Miguel do Passa Quatro,GO,1027,Northern,42.1,42.1,3277,3277,1986,4,AACHECK-0,1986,89704.967,316.9947875
21,2011/2012,Goianira,GO,737,Northern,34.7,7.1,3618,278,2786,4,FLUO-2,3400,38646.924,98.6265498
21,2011/2012,Goianira,GO,737,Northern,34.7,10.8,3618,24,2786,4,DIMO+BOSC-2,3704,38646.924,191.9528426
21,2011/2012,Goianira,GO,737,Northern,34.7,15.9,3618,2308,2786,4,FLUZ-2,3445,38646.924,109.068243
21,2011/2012,Goianira,GO,737,Northern,34.7,16.4,3618,351,2786,4,PROCY-2,3128,38646.924,247.7751115
21,2011/2012,Goianira,GO,737,Northern,34.7,25,3618,2774,2786,4,TIOF-4,2770,38646.924,290.1578685
21,2011/2012,Goianira,GO,737,Northern,34.7,34.7,3618,3618,2786,4,AACHECK-0,2786,38646.924,70.38735919
22,2011/2012,Uberlândia,MG,947,Northern,46.3,16.5,4308,3290,2792,4,TIOF-4,3447,74708.673,139.3343551
22,2011/2012,Uberlândia,MG,947,Northern,46.3,16.8,4308,596,2792,4,FLUO-2,3492,74708.673,194.8112735
22,2011/2012,Uberlândia,MG,947,Northern,46.3,21,4308,1604,2792,4,PROCY-2,3350,74708.673,280.624304
22,2011/2012,Uberlândia,MG,947,Northern,46.3,21,4308,1771,2792,4,FLUZ-2,3767,74708.673,76.60323644
22,2011/2012,Uberlândia,MG,947,Northern,46.3,23.3,4308,1242,2792,4,DIMO+BOSC-2,3441,74708.673,375.7457862
22,2011/2012,Uberlândia,MG,947,Northern,46.3,46.3,4308,4308,2792,4,AACHECK-0,2792,74708.673,192.6604677
23,2011/2012,Chapadão do Sul,MS,813,Northern,67.5,8.8,NA,NA,2646,4,DIMO+BOSC-2,3033,172027.208,305.1099181
23,2011/2012,Chapadão do Sul,MS,813,Northern,67.5,11.3,NA,NA,2646,4,FLUO-2,3470,172027.208,358.9584201
23,2011/2012,Chapadão do Sul,MS,813,Northern,67.5,13.8,NA,NA,2646,4,PROCY-2,3453,172027.208,516.7800074
23,2011/2012,Chapadão do Sul,MS,813,Northern,67.5,15,NA,NA,2646,4,TIOF-4,2977,172027.208,379.4060836
23,2011/2012,Chapadão do Sul,MS,813,Northern,67.5,23.8,NA,NA,2646,4,FLUZ-2,3622,172027.208,581.10701
23,2011/2012,Chapadão do Sul,MS,813,Northern,67.5,67.5,NA,NA,2646,4,AACHECK-0,2646,172027.208,563.7950923
24,2011/2012,Ponta Grossa,PR,1021,Southern,20.5,5.2,NA,NA,2692,4,FLUO-2,2815,71177.845,91.38496434
24,2011/2012,Ponta Grossa,PR,1021,Southern,20.5,5.5,NA,NA,2692,4,DIMO+BOSC-2,3318,71177.845,459.4025461
24,2011/2012,Ponta Grossa,PR,1021,Southern,20.5,8.2,NA,NA,2692,4,FLUZ-2,2947,71177.845,42.35531894
24,2011/2012,Ponta Grossa,PR,1021,Southern,20.5,9.25,NA,NA,2692,4,PROCY-2,2802,71177.845,401.3573489
24,2011/2012,Ponta Grossa,PR,1021,Southern,20.5,11.2,NA,NA,2692,4,TIOF-4,2808,71177.845,244.4530004
24,2011/2012,Ponta Grossa,PR,1021,Southern,20.5,20.5,NA,NA,2692,4,AACHECK-0,2692,71177.845,170.6493948
25,2011/2012,Palmeira,PR,820,Southern,55,6.3,NA,NA,1451,4,DIMO+BOSC-2,1941,1720.738,57.61496563
25,2011/2012,Palmeira,PR,820,Southern,55,7.5,NA,NA,1451,4,FLUO-2,1729,1720.738,54.32839364
25,2011/2012,Palmeira,PR,820,Southern,55,11.3,NA,NA,1451,4,FLUZ-2,1659,1720.738,65.91742045
25,2011/2012,Palmeira,PR,820,Southern,55,15,NA,NA,1451,4,PROCY-2,1728,1720.738,50.70761144
25,2011/2012,Palmeira,PR,820,Southern,55,33.8,NA,NA,1451,4,TIOF-4,1485,1720.738,16.13395217
25,2011/2012,Palmeira,PR,820,Southern,55,55,NA,NA,1451,4,AACHECK-0,1451,1720.738,40.39317778
26,2011/2012,Palmeira,PR,820,Southern,47.5,2.5,NA,NA,1438,4,DIMO+BOSC-2,1791,6986.295,202.0818701
26,2011/2012,Palmeira,PR,820,Southern,47.5,2.5,NA,NA,1438,4,FLUO-2,1757,6986.295,23.70375788
26,2011/2012,Palmeira,PR,820,Southern,47.5,5,NA,NA,1438,4,FLUZ-2,1629,6986.295,75.1868235
26,2011/2012,Palmeira,PR,820,Southern,47.5,6.25,NA,NA,1438,4,PROCY-2,1733,6986.295,23.08358363
26,2011/2012,Palmeira,PR,820,Southern,47.5,15,NA,NA,1438,4,TIOF-4,1494,6986.295,30.69690973
26,2011/2012,Palmeira,PR,820,Southern,47.5,47.5,NA,NA,1438,4,AACHECK-0,1438,6986.295,28.09980012
27,2011/2012,São Desiderio,BA,844,Northern,100,85.42,8892.00,873.50,2369,4,FLUZ-2,3272,8761.826,46.30345559
27,2011/2012,São Desiderio,BA,844,Northern,100,89.58,8892.00,1520.00,2369,4,TIOF-4,2874,8761.826,64.81018438
27,2011/2012,São Desiderio,BA,844,Northern,100,89.58,8892.00,756.00,2369,4,PROCY-2,3097,8761.826,23.20689553
27,2011/2012,São Desiderio,BA,844,Northern,100,93.75,8892.00,1051.75,2369,4,DIMO+BOSC-2,3167,8761.826,57.23294506
27,2011/2012,São Desiderio,BA,844,Northern,100,97.92,8892.00,822.00,2369,4,FLUO-2,3120,8761.826,60.20639501
27,2011/2012,São Desiderio,BA,844,Northern,100,100,8892.00,8892.00,2369,4,AACHECK-0,2369,8761.826,39.63029144
28,2011/2012,Montividiu,GO,921,Northern,24.38,1.88,1226.1,40.2,3321,4,FLUZ-2,4114,33144.363,93.27826614
28,2011/2012,Montividiu,GO,921,Northern,24.38,1.88,1226.1,50.25,3321,4,DIMO+BOSC-2,4160,33144.363,226.7585162
28,2011/2012,Montividiu,GO,921,Northern,24.38,3.13,1226.1,120.6,3321,4,FLUO-2,4059,33144.363,266.63179709999997
28,2011/2012,Montividiu,GO,921,Northern,24.38,4.75,1226.1,402.00,3321,4,PROCY-2,4022,33144.363,73.70974454
28,2011/2012,Montividiu,GO,921,Northern,24.38,8.75,1226.1,231.15,3321,4,TIOF-4,3749,33144.363,97.67993252
28,2011/2012,Montividiu,GO,921,Northern,24.38,24.38,1226.1,1226.1,3321,4,AACHECK-0,3321,33144.363,100.2475724
29,2011/2012,Campo Verde,MT,736,Northern,3.65,0.35,NA,NA,2648,4,FLUO-2,2839,85847.102,238.8901886
29,2011/2012,Campo Verde,MT,736,Northern,3.65,0.35,NA,NA,2648,4,FLUZ-2,2984,85847.102,77.7332477
29,2011/2012,Campo Verde,MT,736,Northern,3.65,0.35,NA,NA,2648,4,PROCY-2,2827,85847.102,394.3222294
29,2011/2012,Campo Verde,MT,736,Northern,3.65,0.5,NA,NA,2648,4,DIMO+BOSC-2,2512,85847.102,98.3691646
29,2011/2012,Campo Verde,MT,736,Northern,3.65,3.65,NA,NA,2648,4,AACHECK-0,2648,85847.102,393.0024685
29,2011/2012,Campo Verde,MT,736,Northern,3.65,4.17,NA,NA,2648,4,TIOF-4,2602,85847.102,256.8416822
30,2011/2012,Faxinal,PR,991,Southern,36.75,36.75,14956.00,14956.00,3099,4,AACHECK-0,3099,46821.549,160.9094511
30,2011/2012,Faxinal,PR,993,Southern,36.75,11.5,14956.00,4280.00,3099,4,DIMO+BOSC-2,3710,46821.549,368.9657007
30,2011/2012,Faxinal,PR,994,Southern,36.75,10.25,14956.00,2868.00,3099,4,FLUO-2,3927,46821.549,206.2746468
30,2011/2012,Faxinal,PR,995,Southern,36.75,17.75,14956.00,6152.00,3099,4,FLUZ-2,3562,46821.549,251.4821408
30,2011/2012,Faxinal,PR,997,Southern,36.75,22.75,14956.00,8564.00,3099,4,PROCY-2,3644,46821.549,325.5111758
30,2011/2012,Faxinal,PR,998,Southern,36.75,34,14956.00,14428.00,3099,4,TIOF-4,3368,46821.549,228.7887859
31,2011/2012,Capão Bonito,SP,730,Southern,5,0.5,NA,NA,3656,4,FLUO-2,3675,100117.471,532.2036647
31,2011/2012,Capão Bonito,SP,730,Southern,5,0.5,NA,NA,3656,4,PROCY-2,3608,100117.471,497.5143979
31,2011/2012,Capão Bonito,SP,730,Southern,5,1,NA,NA,3656,4,FLUZ-2,3814,100117.471,404.8446331
31,2011/2012,Capão Bonito,SP,730,Southern,5,1.5,NA,NA,3656,4,DIMO+BOSC-2,3692,100117.471,578.729629
31,2011/2012,Capão Bonito,SP,730,Southern,5,1.5,NA,NA,3656,4,TIOF-4,3092,100117.471,245.3476579
31,2011/2012,Capão Bonito,SP,730,Southern,5,5,NA,NA,3656,4,AACHECK-0,3656,100117.471,766.9618326
32,2012/2013,Chapadão do Sul,MS,813,Northern,7.5,0.5,NA,NA,4111.81,4,DIMO+BOSC-2,4211.87,34965.78,348.364457
32,2012/2013,Chapadão do Sul,MS,813,Northern,7.5,0.5,NA,NA,4111.81,4,FLUO-2,4354.93,34965.78,269.2657933
32,2012/2013,Chapadão do Sul,MS,813,Northern,7.5,0.5,NA,NA,4111.81,4,FLUZ-2,4152.93,34965.78,192.5351175
32,2012/2013,Chapadão do Sul,MS,813,Northern,7.5,0.5,NA,NA,4111.81,4,TIOF-4,4079.58,34965.78,428.6285002
32,2012/2013,Chapadão do Sul,MS,813,Northern,7.5,1.25,NA,NA,4111.81,4,PROCY-2,4161.85,34965.78,313.5445724
32,2012/2013,Chapadão do Sul,MS,813,Northern,7.5,7.5,NA,NA,4111.81,4,AACHECK-0,4111.81,34965.78,221.6684647
34,2012/2013,Ponta Grossa,PR,1021,Southern,25.94,9.06,NA,NA,2187.38,3,DIMO+BOSC-2,2199.24,26214.69,94.08138931
34,2012/2013,Ponta Grossa,PR,1021,Southern,25.94,9.38,NA,NA,2187.38,3,PROCY-2,2236.55,26214.69,189.7361954
34,2012/2013,Ponta Grossa,PR,1021,Southern,25.94,11.25,NA,NA,2187.38,3,FLUO-2,2317.91,26214.69,67.68688649
34,2012/2013,Ponta Grossa,PR,1021,Southern,25.94,11.25,NA,NA,2187.38,3,FLUZ-2,2129.28,26214.69,172.5175653
34,2012/2013,Ponta Grossa,PR,1021,Southern,25.94,25.94,NA,NA,2187.38,3,AACHECK-0,2187.38,26214.69,203.6333494
35,2012/2013,Jataí,GO,749,Northern,12.13,0.5,3580.77,107.69,3167.94,3,DIMO+BOSC-2,3209.4,113974.07,521.7254011
35,2012/2013,Jataí,GO,749,Northern,12.13,0.75,3580.77,276.92,3167.94,3,FLUZ-2,3065.35,113974.07,270.6943529
35,2012/2013,Jataí,GO,749,Northern,12.13,1.63,3580.77,261.54,3167.94,3,FLUO-2,3198.37,113974.07,207.5021429
35,2012/2013,Jataí,GO,749,Northern,12.13,1.75,3580.77,453.85,3167.94,3,PROCY-2,3331.61,113974.07,200.5123055
35,2012/2013,Jataí,GO,749,Northern,12.13,12.13,3580.77,3580.77,3167.94,3,AACHECK-0,3167.94,113974.07,209.727031
36,2012/2013,São Miguel do Passa Quatro,GO,1027,Northern,7.23,0.33,687.50,18.75,1872.39,3,FLUO-2,2506.97,137943.42,92.42418445
36,2012/2013,São Miguel do Passa Quatro,GO,1027,Northern,7.23,0.33,687.50,62.50,1872.39,3,FLUZ-2,2483.6,137943.42,350.9889193
36,2012/2013,São Miguel do Passa Quatro,GO,1027,Northern,7.23,0.33,687.50,75.00,1872.39,3,DIMO+BOSC-2,2380.15,137943.42,473.3703446
36,2012/2013,São Miguel do Passa Quatro,GO,1027,Northern,7.23,0.65,687.50,112.50,1872.39,3,PROCY-2,2337.42,137943.42,330.5720281
36,2012/2013,São Miguel do Passa Quatro,GO,1027,Northern,7.23,7.23,687.50,687.50,1872.39,3,AACHECK-0,1872.39,137943.42,378.2327071
37,2012/2013,Faxinal,PR,820,Southern,58.25,19,7244.00,3692.00,3393.33,3,DIMO+BOSC-2,4163.59,153279.48,445.863306
37,2012/2013,Faxinal,PR,820,Southern,58.25,22,7244.00,2348.00,3393.33,3,FLUO-2,4036.01,153279.48,250.1845836
37,2012/2013,Faxinal,PR,820,Southern,58.25,40.75,7244.00,4364.00,3393.33,3,FLUZ-2,3936.61,153279.48,317.0694922
37,2012/2013,Faxinal,PR,820,Southern,58.25,42,7244.00,5648.00,3393.33,3,PROCY-2,3781.97,153279.48,280.8644179
37,2012/2013,Faxinal,PR,820,Southern,58.25,58.25,7244.00,7244.00,3393.33,3,AACHECK-0,3393.33,153279.48,188.5283548
38,2012/2013,Uberlândia,MG,947,Northern,21.68,0.5,7564.00,NA,2988.75,3,FLUO-2,3410,13242.53,189.7805751
38,2012/2013,Uberlândia,MG,947,Northern,21.68,0.5,7564.00,NA,2988.75,3,FLUZ-2,3287,13242.53,182.3439973
38,2012/2013,Uberlândia,MG,947,Northern,21.68,1.25,7564.00,165.00,2988.75,3,PROCY-2,3250,13242.53,127.2792206
38,2012/2013,Uberlândia,MG,947,Northern,21.68,8.8,7564.00,758.75,2988.75,3,DIMO+BOSC-2,3053.75,13242.53,61.09214352
38,2012/2013,Uberlândia,MG,947,Northern,21.68,21.68,7564.00,7564.00,2988.75,3,AACHECK-0,2988.75,13242.53,29.54516317
39,2012/2013,Ponta Grossa,PR,1021,Southern,14.69,0.94,6729.63,457.87,4525.89,3,DIMO+BOSC-2,5133.31,63444.33,305.2877818
39,2012/2013,Ponta Grossa,PR,1021,Southern,14.69,3.13,6729.63,4262.04,4525.89,3,FLUZ-2,5033.51,63444.33,404.0257316
39,2012/2013,Ponta Grossa,PR,1021,Southern,14.69,3.75,6729.63,2593.06,4525.89,3,PROCY-2,4892.34,63444.33,115.9467325
39,2012/2013,Ponta Grossa,PR,1021,Southern,14.69,4.69,6729.63,1542.59,4525.89,3,FLUO-2,4959.05,63444.33,483.9105071
39,2012/2013,Ponta Grossa,PR,1021,Southern,14.69,14.69,6729.63,6729.63,4525.89,3,AACHECK-0,4525.89,63444.33,338.2177291
40,2013/2014,Chapadão do Sul,MS,813,Northern,16.25,0.5,NA,NA,3279.33,1,CARB+PROCY-2,3678.5,61232.22,387.9099048
40,2013/2014,Chapadão do Sul,MS,813,Northern,16.25,0.5,NA,NA,3279.33,1,DIMO+BOSC-2,3759.22,61232.22,292.5930435
40,2013/2014,Chapadão do Sul,MS,813,Northern,16.25,3.75,NA,NA,3279.33,1,FLUO-2,3565.29,61232.22,215.5200482
40,2013/2014,Chapadão do Sul,MS,813,Northern,16.25,3.75,NA,NA,3279.33,1,PROCY-2,3650.65,61232.22,179.7978885
40,2013/2014,Chapadão do Sul,MS,813,Northern,16.25,6.25,NA,NA,3279.33,1,TIOF-4,3522.92,61232.22,291.6001656
40,2013/2014,Chapadão do Sul,MS,813,Northern,16.25,7.5,NA,NA,3279.33,1,FLUZ-2,3613.89,61232.22,302.0163847
40,2013/2014,Chapadão do Sul,MS,813,Northern,16.25,16.25,NA,NA,3279.33,1,AACHECK-0,3279.33,61232.22,201.7064967
41,2013/2014,Montividiu,GO,921,Northern,15,1,NA,NA,3236.64,1,FLUZ-2,3683.93,52647,199.058002
41,2013/2014,Montividiu,GO,921,Northern,15,1.5,NA,NA,3236.64,1,DIMO+BOSC-2,3622.1,52647,192.3171975
41,2013/2014,Montividiu,GO,921,Northern,15,2.25,NA,NA,3236.64,1,PROCY-2,3499.46,52647,341.7212013
41,2013/2014,Montividiu,GO,921,Northern,15,2.5,NA,NA,3236.64,1,CARB+PROCY-2,3627.04,52647,109.5399072
41,2013/2014,Montividiu,GO,921,Northern,15,3.5,NA,NA,3236.64,1,FLUO-2,3458.91,52647,213.5270841
41,2013/2014,Montividiu,GO,921,Northern,15,6.25,NA,NA,3236.64,1,TIOF-4,3391.87,52647,173.3746962
41,2013/2014,Montividiu,GO,921,Northern,15,15,NA,NA,3236.64,1,AACHECK-0,3236.64,52647,354.3128059
42,2013/2014,Mauá da Serra,PR,909,Southern,33.25,0.5,4340.00,512.00,3494.81,1,CARB+PROCY-2,4052.22,81886.32,403.2877347
42,2013/2014,Mauá da Serra,PR,909,Southern,33.25,0.75,4340.00,568.00,3494.81,1,FLUO-2,4145.06,81886.32,88.67040105
42,2013/2014,Mauá da Serra,PR,909,Southern,33.25,1,4340.00,252.00,3494.81,1,DIMO+BOSC-2,4228.5,81886.32,169.0442474
42,2013/2014,Mauá da Serra,PR,909,Southern,33.25,1.25,4340.00,512.00,3494.81,1,PROCY-2,3782.62,81886.32,265.3175534
42,2013/2014,Mauá da Serra,PR,909,Southern,33.25,2.5,4340.00,796.00,3494.81,1,FLUZ-2,3803.63,81886.32,389.0418168
42,2013/2014,Mauá da Serra,PR,909,Southern,33.25,6,4340.00,1332.00,3494.81,1,TIOF-4,3784.74,81886.32,266.2140617
42,2013/2014,Mauá da Serra,PR,909,Southern,33.25,33.25,4340.00,4340.00,3494.81,1,AACHECK-0,3494.81,81886.32,143.1347754
43,2013/2014,Ponta Grossa,PR,1021,Southern,41.25,4.06,4935.71,1187.30,2602.4,1,CARB+PROCY-2,2864.76,53070.66,319.3954417
43,2013/2014,Ponta Grossa,PR,1021,Southern,41.25,8.44,4935.71,2039.68,2602.4,1,PROCY-2,2939.68,53070.66,178.2430651
43,2013/2014,Ponta Grossa,PR,1021,Southern,41.25,11.25,4935.71,2538.49,2602.4,1,FLUZ-2,2994.86,53070.66,216.7520163
43,2013/2014,Ponta Grossa,PR,1021,Southern,41.25,11.88,4935.71,2172.62,2602.4,1,DIMO+BOSC-2,2633.48,53070.66,178.3329693
43,2013/2014,Ponta Grossa,PR,1021,Southern,41.25,15.63,4935.71,2315.87,2602.4,1,FLUO-2,2964.61,53070.66,332.3629021
43,2013/2014,Ponta Grossa,PR,1021,Southern,41.25,33.44,4935.71,5443.65,2602.4,1,TIOF-4,2605.85,53070.66,112.8818992
43,2013/2014,Ponta Grossa,PR,1021,Southern,41.25,41.25,4935.71,4935.71,2602.4,1,AACHECK-0,2602.4,53070.66,390.6834629
44,2013/2014,Ponta Grossa,PR,1021,Southern,10.5,0.5,NA,NA,2301.59,1,CARB+PROCY-2,3717.71,45439.64,209.9486008
44,2013/2014,Ponta Grossa,PR,1021,Southern,10.5,1.5,NA,NA,2301.59,1,DIMO+BOSC-2,3526.73,45439.64,331.7825324
44,2013/2014,Ponta Grossa,PR,1021,Southern,10.5,2.25,NA,NA,2301.59,1,FLUO-2,2840.67,45439.64,244.2340508
44,2013/2014,Ponta Grossa,PR,1021,Southern,10.5,2.5,NA,NA,2301.59,1,TIOF-4,2763.24,45439.64,216.3445769
44,2013/2014,Ponta Grossa,PR,1021,Southern,10.5,2.75,NA,NA,2301.59,1,PROCY-2,3185.27,45439.64,101.912187
44,2013/2014,Ponta Grossa,PR,1021,Southern,10.5,3.5,NA,NA,2301.59,1,FLUZ-2,3284.37,45439.64,76.22566125
44,2013/2014,Ponta Grossa,PR,1021,Southern,10.5,10.5,NA,NA,2301.59,1,AACHECK-0,2301.59,45439.64,243.0090142
45,2014/2015,Rio Verde,GO,921,Northern,27.25,3.63,354.17,34.73,3757.15,1,DIMO+BOSC-2,4261.61,33928.18,87.46996027
45,2014/2015,Rio Verde,GO,921,Northern,27.25,5.5,354.17,90.28,3757.15,1,FLUZ-2,4231.36,33928.18,68.70833297
45,2014/2015,Rio Verde,GO,921,Northern,27.25,5.88,354.17,104.17,3757.15,1,FLUO-2,4205.54,33928.18,176.6264788
45,2014/2015,Rio Verde,GO,921,Northern,27.25,6.25,354.17,97.23,3757.15,1,CARB+PROCY-2,4162.65,33928.18,255.7720968
45,2014/2015,Rio Verde,GO,921,Northern,27.25,13.38,354.17,229.17,3757.15,1,TIOF-4,3944.45,33928.18,154.4359802
45,2014/2015,Rio Verde,GO,921,Northern,27.25,13.88,354.17,211.81,3757.15,1,PROCY-2,4044.82,33928.18,279.2630085
45,2014/2015,Rio Verde,GO,921,Northern,27.25,27.25,354.17,354.17,3757.15,1,AACHECK-0,3757.15,33928.18,50.97076744
46,2014/2015,Ponta Grossa,PR,1021,Southern,26.88,4.06,2970.63,1165.08,4042.64,1,DIMO+BOSC-2,4583.63,100104.95,480.2161704
46,2014/2015,Ponta Grossa,PR,1021,Southern,26.88,4.38,2970.63,830.95,4042.64,1,CARB+PROCY-2,4353.12,100104.95,331.1726236
46,2014/2015,Ponta Grossa,PR,1021,Southern,26.88,5.94,2970.63,1713.49,4042.64,1,FLUO-2,4198.07,100104.95,350.3923246
46,2014/2015,Ponta Grossa,PR,1021,Southern,26.88,6.25,2970.63,1965.08,4042.64,1,FLUZ-2,4344.22,100104.95,738.1087533
46,2014/2015,Ponta Grossa,PR,1021,Southern,26.88,11.72,2970.63,2387.30,4042.64,1,PROCY-2,4154.03,100104.95,310.7601214
46,2014/2015,Ponta Grossa,PR,1021,Southern,26.88,19.38,2970.63,2845.63,4042.64,1,TIOF-4,4080.34,100104.95,390.9106539
46,2014/2015,Ponta Grossa,PR,1021,Southern,26.88,26.88,2970.63,2970.63,4042.64,1,AACHECK-0,4042.64,100104.95,575.7455965
47,2014/2015,Montividiu,GO,921,Northern,4.06,0.63,NA,NA,3468.1,1,FLUZ-2,4037.5,33928.18,181.5918572
47,2014/2015,Montividiu,GO,921,Northern,4.06,1.09,NA,NA,3468.1,1,PROCY-2,4029.32,33928.18,303.451123
47,2014/2015,Montividiu,GO,921,Northern,4.06,1.25,NA,NA,3468.1,1,CARB+PROCY-2,3980.31,33928.18,163.5630128
47,2014/2015,Montividiu,GO,921,Northern,4.06,1.56,NA,NA,3468.1,1,DIMO+BOSC-2,3881.22,33928.18,82.7947096
47,2014/2015,Montividiu,GO,921,Northern,4.06,1.56,NA,NA,3468.1,1,FLUO-2,3745.41,33928.18,98.17217271
47,2014/2015,Montividiu,GO,921,Northern,4.06,2.81,NA,NA,3468.1,1,TIOF-4,3779.59,33928.18,78.82388386
47,2014/2015,Montividiu,GO,921,Northern,4.06,4.06,NA,NA,3468.1,1,AACHECK-0,3468.1,33928.18,123.9678806
48,2014/2015,Mauá da Serra,PR,909,Southern,10.75,0.25,3312.00,60.00,3963.96,1,FLUO-2,5099.09,59776.59,301.7179158
48,2014/2015,Mauá da Serra,PR,909,Southern,10.75,0.75,3312.00,116.00,3963.96,1,CARB+PROCY-2,4701.63,59776.59,248.9551741
48,2014/2015,Mauá da Serra,PR,909,Southern,10.75,1.25,3312.00,212.00,3963.96,1,DIMO+BOSC-2,4796.58,59776.59,170.2287545
48,2014/2015,Mauá da Serra,PR,909,Southern,10.75,2.75,3312.00,182.00,3963.96,1,PROCY-2,4595.54,59776.59,322.5367572
48,2014/2015,Mauá da Serra,PR,909,Southern,10.75,2.75,3312.00,280.00,3963.96,1,FLUZ-2,4645.14,59776.59,191.6632729
48,2014/2015,Mauá da Serra,PR,909,Southern,10.75,5,3312.00,576.00,3963.96,1,TIOF-4,4421.43,59776.59,300.6482036
48,2014/2015,Mauá da Serra,PR,909,Southern,10.75,10.75,3312.00,3312.00,3963.96,1,AACHECK-0,3963.96,59776.59,119.334465
49,2015/2016,Montividiu,GO,921,Northern,36.25,1.75,273.52,49.11,3362.93,1,FLUO-2,3783.7,62701.1,667.625449
49,2015/2016,Montividiu,GO,921,Northern,36.25,2,273.52,46.84,3362.93,1,DIMO+BOSC-2,3894.54,62701.1,81.41537071
49,2015/2016,Montividiu,GO,921,Northern,36.25,2.75,273.52,66.86,3362.93,1,FLUZ-2,3884.94,62701.1,378.0068184
49,2015/2016,Montividiu,GO,921,Northern,36.25,4,273.52,124.11,3362.93,1,CARB+PROCY-2,3719.76,62701.1,123.2130706
49,2015/2016,Montividiu,GO,921,Northern,36.25,4.13,273.52,105.00,3362.93,1,PROCY-2,3806.55,62701.1,128.2578084
49,2015/2016,Montividiu,GO,921,Northern,36.25,15.5,273.52,140.25,3362.93,1,TIOF-4,3523.98,62701.1,244.33111830000001
49,2015/2016,Montividiu,GO,921,Northern,36.25,36.25,273.52,273.52,3362.93,1,AACHECK-0,3362.93,62701.1,156.4940977
50,2015/2016,Montividiu,GO,921,Northern,50.92,8.54,1031.88,227.00,2539.56,1,PROCY-2,3632.98,229754.7,829.9816824
50,2015/2016,Montividiu,GO,921,Northern,50.92,10.42,1031.88,186.88,2539.56,1,FLUZ-2,3759.36,229754.7,558.0090779
50,2015/2016,Montividiu,GO,921,Northern,50.92,10.5,1031.88,235.63,2539.56,1,FLUO-2,3615.51,229754.7,867.5699133
50,2015/2016,Montividiu,GO,921,Northern,50.92,12.83,1031.88,113.75,2539.56,1,CARB+PROCY-2,3742.08,229754.7,428.3063784
50,2015/2016,Montividiu,GO,921,Northern,50.92,16.41,1031.88,195.00,2539.56,1,DIMO+BOSC-2,3714.18,229754.7,367.1390987
50,2015/2016,Montividiu,GO,921,Northern,50.92,27.5,1031.88,560.63,2539.56,1,TIOF-4,3425.2,229754.7,553.1764194
50,2015/2016,Montividiu,GO,921,Northern,50.92,50.92,1031.88,1031.88,2539.56,1,AACHECK-0,2539.56,229754.7,87.49388973
51,2015/2016,Silvânia,GO,1050,Northern,30.98,12.53,2000.00,260.00,1667.3,1,FLUZ-2,2870.51,65005.33,362.5607881
51,2015/2016,Silvânia,GO,1050,Northern,30.98,13.75,2000.00,295.00,1667.3,1,FLUO-2,2486.77,65005.33,115.9583539
51,2015/2016,Silvânia,GO,1050,Northern,30.98,14.1,2000.00,490.00,1667.3,1,CARB+PROCY-2,2562.61,65005.33,234.1617593
51,2015/2016,Silvânia,GO,1050,Northern,30.98,14.4,2000.00,275.00,1667.3,1,DIMO+BOSC-2,2655.06,65005.33,168.908571
51,2015/2016,Silvânia,GO,1050,Northern,30.98,16.28,2000.00,797.50,1667.3,1,PROCY-2,2247.01,65005.33,209.9989193
51,2015/2016,Silvânia,GO,1050,Northern,30.98,16.58,2000.00,920.00,1667.3,1,TIOF-4,2017.71,65005.33,186.0673003
51,2015/2016,Silvânia,GO,1050,Northern,30.98,30.98,2000.00,2000.00,1667.3,1,AACHECK-0,1667.3,65005.33,459.7269261
52,2015/2016,Silvânia,GO,1050,Northern,27.23,10.95,2025.00,175.00,1720.44,1,FLUZ-2,2516.96,63203.05,124.4595123
52,2015/2016,Silvânia,GO,1050,Northern,27.23,11.88,2025.00,1000.00,1720.44,1,DIMO+BOSC-2,2457.52,63203.05,302.7155116
52,2015/2016,Silvânia,GO,1050,Northern,27.23,12.2,2025.00,200.00,1720.44,1,FLUO-2,2575.09,63203.05,255.4516678
52,2015/2016,Silvânia,GO,1050,Northern,27.23,12.5,2025.00,1260.00,1720.44,1,CARB+PROCY-2,2308.21,63203.05,345.1491869
52,2015/2016,Silvânia,GO,1050,Northern,27.23,14.55,2025.00,497.50,1720.44,1,PROCY-2,2319.77,63203.05,317.3275329
52,2015/2016,Silvânia,GO,1050,Northern,27.23,15.33,2025.00,910.00,1720.44,1,TIOF-4,2492.96,63203.05,45.88347201
52,2015/2016,Silvânia,GO,1050,Northern,27.23,27.23,2025.00,2025.00,1720.44,1,AACHECK-0,1720.44,63203.05,153.2521349
53,2015/2016,Uberlândia,MG,863,Northern,17.5,0.5,1992.50,10.00,2738.75,1,CARB+PROCY-2,2698.75,66956.28,172.9342361
53,2015/2016,Uberlândia,MG,863,Northern,17.5,0.5,1992.50,NA,2738.75,1,FLUZ-2,3045,66956.28,136.2595562
53,2015/2016,Uberlândia,MG,863,Northern,17.5,1.25,1992.50,114.00,2738.75,1,FLUO-2,2968.75,66956.28,295.6736658
53,2015/2016,Uberlândia,MG,863,Northern,17.5,2.5,1992.50,132.50,2738.75,1,PROCY-2,2928.75,66956.28,314.2309205
53,2015/2016,Uberlândia,MG,863,Northern,17.5,2.75,1992.50,297.50,2738.75,1,DIMO+BOSC-2,2776.25,66956.28,208.3416665
53,2015/2016,Uberlândia,MG,863,Northern,17.5,6.25,1992.50,577.50,2738.75,1,TIOF-4,2811.25,66956.28,417.1006074
53,2015/2016,Uberlândia,MG,863,Northern,17.5,17.5,1992.50,1992.50,2738.75,1,AACHECK-0,2738.75,66956.28,177.218086
54,2015/2016,Barreiras,BA,454,Northern,29.29,0.26,1261.90,45.05,2375.6,1,FLUO-2,2635.83,33058.13,141.9545845
54,2015/2016,Barreiras,BA,454,Northern,29.29,2.28,1261.90,410.55,2375.6,1,CARB+PROCY-2,2499.5,33058.13,46.01478844
54,2015/2016,Barreiras,BA,454,Northern,29.29,2.45,1261.90,172.65,2375.6,1,DIMO+BOSC-2,2559.34,33058.13,156.0923668
54,2015/2016,Barreiras,BA,454,Northern,29.29,7.01,1261.90,718.80,2375.6,1,FLUZ-2,2610.8,33058.13,116.5166187
54,2015/2016,Barreiras,BA,454,Northern,29.29,7.32,1261.90,341.24,2375.6,1,PROCY-2,2410.85,33058.13,283.4309183
54,2015/2016,Barreiras,BA,454,Northern,29.29,14.45,1261.90,825.03,2375.6,1,TIOF-4,2486.95,33058.13,128.9274172
54,2015/2016,Barreiras,BA,454,Northern,29.29,29.29,1261.90,1261.90,2375.6,1,AACHECK-0,2375.6,33058.13,83.12130577
55,2015/2016,Júlio de  Castilhos,RS,513,Southern,28.75,5.63,208.00,37.00,3255.14,1,FLUO-2,4026.28,157323.53,255.6894112
55,2015/2016,Júlio de  Castilhos,RS,513,Southern,28.75,11.25,208.00,95.50,3255.14,1,DIMO+BOSC-2,3754.89,157323.53,357.3756888
55,2015/2016,Júlio de  Castilhos,RS,513,Southern,28.75,15,208.00,97.50,3255.14,1,CARB+PROCY-2,3579.04,157323.53,743.27332
55,2015/2016,Júlio de  Castilhos,RS,513,Southern,28.75,15.63,208.00,139.50,3255.14,1,FLUZ-2,4014.07,157323.53,26.09218695
55,2015/2016,Júlio de  Castilhos,RS,513,Southern,28.75,16.25,208.00,97.00,3255.14,1,PROCY-2,3577.54,157323.53,253.5530323
55,2015/2016,Júlio de  Castilhos,RS,513,Southern,28.75,23.13,208.00,193.00,3255.14,1,TIOF-4,3011.99,157323.53,394.819117
55,2015/2016,Júlio de  Castilhos,RS,513,Southern,28.75,28.75,208.00,208.00,3255.14,1,AACHECK-0,3255.14,157323.53,186.5159857
56,2015/2016,Júlio de  Castilhos,RS,513,Southern,41.25,5.63,7091.75,485.00,3434.39,1,FLUO-2,3621.14,47108.99,218.9410818
56,2015/2016,Júlio de  Castilhos,RS,513,Southern,41.25,6.25,7091.75,602.50,3434.39,1,DIMO+BOSC-2,3702.35,47108.99,153.3543743
56,2015/2016,Júlio de  Castilhos,RS,513,Southern,41.25,6.88,7091.75,674.00,3434.39,1,CARB+PROCY-2,3645.76,47108.99,164.8375749
56,2015/2016,Júlio de  Castilhos,RS,513,Southern,41.25,7.5,7091.75,830.00,3434.39,1,FLUZ-2,3771.38,47108.99,240.80468
56,2015/2016,Júlio de  Castilhos,RS,513,Southern,41.25,10.31,7091.75,2587.50,3434.39,1,PROCY-2,3693.47,47108.99,210.9106734
56,2015/2016,Júlio de  Castilhos,RS,513,Southern,41.25,13.13,7091.75,4511.50,3434.39,1,TIOF-4,3586.31,47108.99,201.9472726
56,2015/2016,Júlio de  Castilhos,RS,513,Southern,41.25,41.25,7091.75,7091.75,3434.39,1,AACHECK-0,3434.39,47108.99,253.8205663
57,2015/2016,Mauá da Serra,PR,909,Southern,23.44,3.13,770.00,95.00,2868.09,1,DIMO+BOSC-2,3400.12,60708.08,440.0162414
57,2015/2016,Mauá da Serra,PR,909,Southern,23.44,3.44,770.00,95.00,2868.09,1,FLUO-2,3226.18,60708.08,258.4817286
57,2015/2016,Mauá da Serra,PR,909,Southern,23.44,8.75,770.00,335.00,2868.09,1,CARB+PROCY-2,3217.53,60708.08,313.4714413
57,2015/2016,Mauá da Serra,PR,909,Southern,23.44,9.69,770.00,280.00,2868.09,1,FLUZ-2,3350.2,60708.08,580.0778933
57,2015/2016,Mauá da Serra,PR,909,Southern,23.44,10.94,770.00,307.50,2868.09,1,PROCY-2,3265.72,60708.08,391.3588951
57,2015/2016,Mauá da Serra,PR,909,Southern,23.44,17.81,770.00,275.00,2868.09,1,TIOF-4,3238.85,60708.08,507.6538584
57,2015/2016,Mauá da Serra,PR,909,Southern,23.44,23.44,770.00,770.00,2868.09,1,AACHECK-0,2868.09,60708.08,248.6290109
58,2015/2016,Faxinal,PR,820,Southern,13.13,0.5,570.00,NA,4078.66,1,FLUO-2,4424.58,217894.5,452.8863103
58,2015/2016,Faxinal,PR,820,Southern,13.13,1.56,570.00,60.00,4078.66,1,CARB+PROCY-2,4453.91,217894.5,331.1065559
58,2015/2016,Faxinal,PR,820,Southern,13.13,1.56,570.00,NA,4078.66,1,DIMO+BOSC-2,4456.51,217894.5,804.0066027
58,2015/2016,Faxinal,PR,820,Southern,13.13,2.5,570.00,235.00,4078.66,1,FLUZ-2,4681.59,217894.5,310.3782707
58,2015/2016,Faxinal,PR,820,Southern,13.13,3.75,570.00,270.00,4078.66,1,PROCY-2,4626.2,217894.5,410.9096569
58,2015/2016,Faxinal,PR,820,Southern,13.13,4.38,570.00,320.00,4078.66,1,TIOF-4,4189.76,217894.5,140.643317
58,2015/2016,Faxinal,PR,820,Southern,13.13,13.13,570.00,570.00,4078.66,1,AACHECK-0,4078.66,217894.5,586.5698562
59,2016/2017,Ponta Grossa,PR,1021,Southern,3.75,0.25,77.18,27.14,4488.05,1,DIMO+BOSC-2,4797.13,142638.92,211.3556777
59,2016/2017,Ponta Grossa,PR,1021,Southern,3.75,0.25,77.18,38.06,4488.05,1,FLUO-2,4745.44,142638.92,195.2270331
59,2016/2017,Ponta Grossa,PR,1021,Southern,3.75,0.25,77.18,9.64,4488.05,1,CARB+PROCY-2,4454.17,142638.92,449.0674299
59,2016/2017,Ponta Grossa,PR,1021,Southern,3.75,1,77.18,26.05,4488.05,1,PROCY-2,4808.79,142638.92,623.5085292
59,2016/2017,Ponta Grossa,PR,1021,Southern,3.75,1.75,77.18,33.17,4488.05,1,FLUZ-2,4661.71,142638.92,267.2729127
59,2016/2017,Ponta Grossa,PR,1021,Southern,3.75,2.5,77.18,22.94,4488.05,1,TIOF-4,4898.56,142638.92,709.7998436
59,2016/2017,Ponta Grossa,PR,1021,Southern,3.75,3.75,77.18,77.18,4488.05,1,AACHECK-0,4488.05,142638.92,524.8750957
60,2016/2017,Pitanga,PR,952,Southern,46.5,3,8333.33,1180.55,3484.49,1,CARB+PROCY-2,4774.43,60015.54,205.8272485
60,2016/2017,Pitanga,PR,952,Southern,46.5,7.25,8333.33,1851.89,3484.49,1,FLUO-2,4550.06,60015.54,250.0672788
60,2016/2017,Pitanga,PR,952,Southern,46.5,11.75,8333.33,2638.89,3484.49,1,DIMO+BOSC-2,4384.74,60015.54,296.7215474
60,2016/2017,Pitanga,PR,952,Southern,46.5,14.13,8333.33,3946.76,3484.49,1,PROCY-2,4187.4,60015.54,249.3528359
60,2016/2017,Pitanga,PR,952,Southern,46.5,17.25,8333.33,8208.33,3484.49,1,FLUZ-2,3993.75,60015.54,257.6602223
60,2016/2017,Pitanga,PR,952,Southern,46.5,22.75,8333.33,4479.17,3484.49,1,TIOF-4,4175.87,60015.54,240.8618113
60,2016/2017,Pitanga,PR,952,Southern,46.5,46.5,8333.33,8333.33,3484.49,1,AACHECK-0,3484.49,60015.54,139.1139394
61,2016/2017,Silvânia,GO,1050,Northern,53.44,17.81,2900.00,500.00,2098.05,1,DIMO+BOSC-2,3693.35,24159.54,81.7430731
61,2016/2017,Silvânia,GO,1050,Northern,53.44,20.94,2900.00,350.00,2098.05,1,FLUZ-2,3621.3,24159.54,295.4110131
61,2016/2017,Silvânia,GO,1050,Northern,53.44,21.88,2900.00,400.00,2098.05,1,FLUO-2,3508.7,24159.54,107.6600204
61,2016/2017,Silvânia,GO,1050,Northern,53.44,22.5,2900.00,650.00,2098.05,1,CARB+PROCY-2,3322.75,24159.54,115.8533987
61,2016/2017,Silvânia,GO,1050,Northern,53.44,22.66,2900.00,1075.00,2098.05,1,PROCY-2,3363.93,24159.54,130.2272272
61,2016/2017,Silvânia,GO,1050,Northern,53.44,23.13,2900.00,1700.00,2098.05,1,TIOF-4,3477.95,24159.54,153.5964735
61,2016/2017,Silvânia,GO,1050,Northern,53.44,53.44,2900.00,2900.00,2098.05,1,AACHECK-0,2098.05,24159.54,259.2911041
62,2016/2017,Uberlândia,MG,863,Northern,23.75,1.5,902.50,100.00,3220,1,CARB+PROCY-2,3990,16247.86,151.8771433
62,2016/2017,Uberlândia,MG,863,Northern,23.75,2.25,902.50,109.75,3220,1,DIMO+BOSC-2,4070,16247.86,123.5583533
62,2016/2017,Uberlândia,MG,863,Northern,23.75,2.5,902.50,85.00,3220,1,FLUO-2,4095,16247.86,98.8264472
62,2016/2017,Uberlândia,MG,863,Northern,23.75,4.88,902.50,213.75,3220,1,PROCY-2,3950,16247.86,147.8416141
62,2016/2017,Uberlândia,MG,863,Northern,23.75,5.5,902.50,127.50,3220,1,FLUZ-2,4087.5,16247.86,131.497782
62,2016/2017,Uberlândia,MG,863,Northern,23.75,9,902.50,137.50,3220,1,TIOF-4,3685,16247.86,101.1599394
62,2016/2017,Uberlândia,MG,863,Northern,23.75,23.75,902.50,902.50,3220,1,AACHECK-0,3220,16247.86,56.56854249
63,2016/2017,Montividiu,GO,921,Northern,82,20,9051.25,2193.75,2855.72,1,DIMO+BOSC-2,4257.59,141349.33,527.8271066
63,2016/2017,Montividiu,GO,921,Northern,82,23.75,9051.25,1990.63,2855.72,1,FLUZ-2,4305.23,141349.33,338.2414626
63,2016/2017,Montividiu,GO,921,Northern,82,23.75,9051.25,2185.63,2855.72,1,FLUO-2,4033.94,141349.33,344.1058675
63,2016/2017,Montividiu,GO,921,Northern,82,23.88,9051.25,3315.00,2855.72,1,CARB+PROCY-2,4148.45,141349.33,407.5316538
63,2016/2017,Montividiu,GO,921,Northern,82,26.63,9051.25,2595.94,2855.72,1,PROCY-2,4075.86,141349.33,318.2367657
63,2016/2017,Montividiu,GO,921,Northern,82,49.39,9051.25,5143.13,2855.72,1,TIOF-4,3640.27,141349.33,446.5946456
63,2016/2017,Montividiu,GO,921,Northern,82,82,9051.25,9051.25,2855.72,1,AACHECK-0,2855.72,141349.33,381.0294754
64,2016/2017,Chapadão do Sul,MS,813,Northern,54.08,3.75,NA,NA,3893.44,2,DIMO+BOSC-2,4274.4,57527.34,125.3255905
64,2016/2017,Chapadão do Sul,MS,813,Northern,54.08,11.88,NA,NA,3893.44,2,CARB+PROCY-2,4413.25,57527.34,276.2229162
64,2016/2017,Chapadão do Sul,MS,813,Northern,54.08,16.25,NA,NA,3893.44,2,FLUO-2,4303.36,57527.34,224.7765208
64,2016/2017,Chapadão do Sul,MS,813,Northern,54.08,17.5,NA,NA,3893.44,2,FLUZ-2,3947.99,57527.34,180.6484106
64,2016/2017,Chapadão do Sul,MS,813,Northern,54.08,41.25,NA,NA,3893.44,2,TIOF-4,3931.42,57527.34,249.5365071
64,2016/2017,Chapadão do Sul,MS,813,Northern,54.08,54.08,NA,NA,3893.44,2,AACHECK-0,3893.44,57527.34,381.5320255
65,2016/2017,Palmeira,PR,865,Southern,14.69,2.81,40.12,19.75,3014.52,1,FLUO-2,3137.8,18324,94.83945506
65,2016/2017,Palmeira,PR,865,Southern,14.69,3.13,40.12,28.09,3014.52,1,DIMO+BOSC-2,3135.09,18324,176.9155135
65,2016/2017,Palmeira,PR,865,Southern,14.69,3.44,40.12,26.54,3014.52,1,FLUZ-2,3006.72,18324,184.9884482
65,2016/2017,Palmeira,PR,865,Southern,14.69,4.69,40.12,24.54,3014.52,1,PROCY-2,3069.78,18324,152.1678068
65,2016/2017,Palmeira,PR,865,Southern,14.69,4.69,40.12,28.40,3014.52,1,CARB+PROCY-2,3078.79,18324,76.78435261
65,2016/2017,Palmeira,PR,865,Southern,14.69,6.88,40.12,21.60,3014.52,1,TIOF-4,3016.17,18324,106.4863294
65,2016/2017,Palmeira,PR,865,Southern,14.69,14.69,40.12,40.12,3014.52,1,AACHECK-0,3014.52,18324,114.012866
66,2016/2017,Mauá da Serra,PR,909,Southern,11.88,0.63,1205.00,75.00,3555.59,1,DIMO+BOSC-2,4428.08,81653.48,268.1980771
66,2016/2017,Mauá da Serra,PR,909,Southern,11.88,1.88,1205.00,317.50,3555.59,1,PROCY-2,4146.24,81653.48,250.2926171
66,2016/2017,Mauá da Serra,PR,909,Southern,11.88,2.81,1205.00,135.00,3555.59,1,CARB+PROCY-2,4327.88,81653.48,536.1551974
66,2016/2017,Mauá da Serra,PR,909,Southern,11.88,2.81,1205.00,155.00,3555.59,1,FLUO-2,4227.81,81653.48,334.1678552
66,2016/2017,Mauá da Serra,PR,909,Southern,11.88,2.82,1205.00,150.00,3555.59,1,FLUZ-2,4062.14,81653.48,518.9756121
66,2016/2017,Mauá da Serra,PR,909,Southern,11.88,5.31,1205.00,375.00,3555.59,1,TIOF-4,3812.43,81653.48,131.1816935
66,2016/2017,Mauá da Serra,PR,909,Southern,11.88,11.88,1205.00,1205.00,3555.59,1,AACHECK-0,3555.59,81653.48,222.3983195
67,2017/2018,Mauá da Serra,PR,909,Southern,20.31,0.93,2470,0,3571.6,4,DIMO+BOSC-2,4219.8,NA,335.03
67,2017/2018,Mauá da Serra,PR,909,Southern,20.31,1.25,2470,0,3571.6,4,FLUO-2,4207.3,NA,282.37
67,2017/2018,Mauá da Serra,PR,909,Southern,20.31,1.87,2470,360,3571.6,4,FLUZ-2,4037.2,NA,178.88
67,2017/2018,Mauá da Serra,PR,909,Southern,20.31,2.81,2470,125,3571.6,4,PROCY-2,3755.6,NA,407.48
67,2017/2018,Mauá da Serra,PR,909,Southern,20.31,8.43,2470,740,3571.6,4,TIOF-4,3761.4,NA,339.34
67,2017/2018,Mauá da Serra,PR,909,Southern,20.31,20.31,2470,2470,3571.6,4,AACHECK-0,3571.6,NA,308.94
68,2017/2018,Chapadão do Sul,MS,813,Northern,28.75,1.87,-,-,3851.99,4,DIMO+BOSC-2,4049.03,NA,315.7
68,2017/2018,Chapadão do Sul,MS,813,Northern,28.75,3.12,-,-,3851.99,4,FLUZ-2,4169.75,NA,163.4
68,2017/2018,Chapadão do Sul,MS,813,Northern,28.75,3.75,-,-,3851.99,4,PROCY-2,4314.27,NA,489.8
68,2017/2018,Chapadão do Sul,MS,813,Northern,28.75,4.37,-,-,3851.99,4,FLUO-2,4439.6,NA,348.5
68,2017/2018,Chapadão do Sul,MS,813,Northern,28.75,10.62,-,-,3851.99,4,TIOF-4,4112.04,NA,195.9
68,2017/2018,Chapadão do Sul,MS,813,Northern,28.75,28.75,-,-,3851.99,4,AACHECK-0,3851.99,NA,541.6
69,2017/2018,Rio Verde,GO,921,Northern,22.81,0.93,17856.3,0,4813.12,4,DIMO+BOSC-2,5255.2,NA,364.4
69,2017/2018,Rio Verde,GO,921,Northern,22.81,0.93,17856.3,0,4813.12,4,FLUO-2,5262.2,NA,121.39
69,2017/2018,Rio Verde,GO,921,Northern,22.81,3.43,17856.3,493.75,4813.12,4,FLUZ-2,5188.5,NA,198.56
69,2017/2018,Rio Verde,GO,921,Northern,22.81,3.75,17856.3,162.56,4813.12,4,PROCY-2,5115.11,NA,527.71
69,2017/2018,Rio Verde,GO,921,Northern,22.81,18.75,17856.3,16312.5,4813.12,4,TIOF-4,4885.3,NA,19.13
69,2017/2018,Rio Verde,GO,921,Northern,22.81,22.81,17856.3,17856.3,4813.12,4,AACHECK-0,4813.12,NA,98.51
70,2017/2018,Montividiu,GO,921,Northern,90,21.66,3384.4,1240.62,3412.3,4,DIMO+BOSC-2,4369.8,NA,414.71
70,2017/2018,Montividiu,GO,921,Northern,90,25,3384.4,1753.12,3412.3,4,PROCY-2,4221.9,NA,239.69
70,2017/2018,Montividiu,GO,921,Northern,90,25.41,3384.4,1175,3412.3,4,FLUZ-2,4132.75,NA,554.15
70,2017/2018,Montividiu,GO,921,Northern,90,39.16,3384.4,1784.37,3412.3,4,FLUO-2,3990.9,NA,173.49
70,2017/2018,Montividiu,GO,921,Northern,90,48.75,3384.4,2765.62,3412.3,4,TIOF-4,3707,NA,297.39
70,2017/2018,Montividiu,GO,921,Northern,90,90,3384.4,3384.37,3412.3,4,AACHECK-0,3412.3,NA,306.68
71,2017/2018,Silvânia,GO,1050,Northern,77.18,19.06,14360.0,3175,3197,4,DIMO+BOSC-2,5219,NA,202.31
71,2017/2018,Silvânia,GO,1050,Northern,77.18,23.12,14360.0,5340,3197,4,FLUZ-2,5060,NA,155.21
71,2017/2018,Silvânia,GO,1050,Northern,77.18,25,14360.0,5380,3197,4,PROCY-2,5133,NA,148.64
71,2017/2018,Silvânia,GO,1050,Northern,77.18,25.62,14360.0,4400,3197,4,FLUO-2,5066,NA,152.48
71,2017/2018,Silvânia,GO,1050,Northern,77.18,27.81,14360.0,8545,3197,4,TIOF-4,4000,NA,297.26
71,2017/2018,Silvânia,GO,1050,Northern,77.18,77.18,14360.0,14360,3197,4,AACHECK-0,3197,NA,104.68
72,2017/2018,Pitanga,PR,952,Southern,26,0.5,2916.66,107.63,3318.9,4,DIMO+BOSC-2,3619.6,NA,54.31
72,2017/2018,Pitanga,PR,952,Southern,26,1,2916.66,312.5,3318.9,4,FLUZ-2,3726.5,NA,44.89
72,2017/2018,Pitanga,PR,952,Southern,26,1.5,2916.66,138.88,3318.9,4,FLUO-2,3780.9,NA,165.83
72,2017/2018,Pitanga,PR,952,Southern,26,2.5,2916.66,111.11,3318.9,4,PROCY-2,3761.9,NA,143.24
72,2017/2018,Pitanga,PR,952,Southern,26,10,2916.66,1145.83,3318.9,4,TIOF-4,3526.7,NA,142.77
72,2017/2018,Pitanga,PR,952,Southern,26,26,2916.66,2916.66,3318.9,4,AACHECK-0,3318.9,NA,71.25
73,2017/2018,São Desiderio,BA,844,Northern,70.62,9.68,9507.5,1112.5,3334.6,4,DIMO+BOSC-2,4306.2,NA,264.13
73,2017/2018,São Desiderio,BA,844,Northern,70.62,16.56,9507.5,2370,3334.6,4,FLUO-2,4527.8,NA,98.17
73,2017/2018,São Desiderio,BA,844,Northern,70.62,25,9507.5,2790,3334.6,4,PROCY-2,4429.8,NA,133.82
73,2017/2018,São Desiderio,BA,844,Northern,70.62,25.31,9507.5,4322.5,3334.6,4,FLUZ-2,4358.8,NA,149.71
73,2017/2018,São Desiderio,BA,844,Northern,70.62,31.56,9507.5,6042.5,3334.6,4,TIOF-4,3876.6,NA,464.08
73,2017/2018,São Desiderio,BA,844,Northern,70.62,70.62,9507.5,9507.5,3334.6,4,AACHECK-0,3334.6,NA,204.33
74,2017/2018,São Miguel do Passa Quatro,GO,1027,Northern,66.56,15.62,7580,1967.5,2614.5,4,DIMO+BOSC-2,4673.5,NA,447.98
74,2017/2018,São Miguel do Passa Quatro,GO,1027,Northern,66.56,18.12,7580,2825,2614.5,4,FLUZ-2,4498.5,NA,186.89
74,2017/2018,São Miguel do Passa Quatro,GO,1027,Northern,66.56,18.75,7580,3175,2614.5,4,PROCY-2,4361,NA,568.09
74,2017/2018,São Miguel do Passa Quatro,GO,1027,Northern,66.56,20.31,7580,2271.75,2614.5,4,FLUO-2,4627.5,NA,306.09
74,2017/2018,São Miguel do Passa Quatro,GO,1027,Northern,66.56,20.31,7580,4635,2614.5,4,TIOF-4,3286.5,NA,439.2
74,2017/2018,São Miguel do Passa Quatro,GO,1027,Northern,66.56,66.56,7580,7580,2614.5,4,AACHECK-0,2614.5,NA,123.4
