study,year,location,state,elevation,region,fungicide2,inc_check,scl_check,design_scl,mean_scl,mean_scl_qmr,mean_scl_sd
1,2008/2009,Montividiu,GO,921,Northern,AACHECK-0,76,2194,4,2194,262333.99,516.3426824
1,2008/2009,Montividiu,GO,921,Northern,DIMO+BOSC-2,76,2194,4,921,262333.99,344.8573074
1,2008/2009,Montividiu,GO,921,Northern,FLUO-2,76,2194,4,643,262333.99,191.3697882
1,2008/2009,Montividiu,GO,921,Northern,FLUZ-2,76,2194,4,643,262333.99,478.9109825
1,2008/2009,Montividiu,GO,921,Northern,PROCY-2,76,2194,4,516,262333.99,243.1177698
2,2008/2009,São Miguel do Passa Quatro,GO,1031,Northern,AACHECK-0,53,1331,4,1331,103269.3,296.7708151
2,2008/2009,São Miguel do Passa Quatro,GO,1031,Northern,DIMO+BOSC-2,53,1331,4,131,103269.3,132.8768227
2,2008/2009,São Miguel do Passa Quatro,GO,1031,Northern,FLUO-2,53,1331,4,275,103269.3,202.0725942
2,2008/2009,São Miguel do Passa Quatro,GO,1031,Northern,FLUZ-2,53,1331,4,206,103269.3,280.9025632
2,2008/2009,São Miguel do Passa Quatro,GO,1031,Northern,PROCY-2,53,1331,4,119,103269.3,112.5
3,2008/2009,Silvânia,GO,1050,Northern,AACHECK-0,65,5013,4,5013,2801838.65,2463.102718
3,2008/2009,Silvânia,GO,1050,Northern,DIMO+BOSC-2,65,5013,4,644,2801838.65,421.4928825
3,2008/2009,Silvânia,GO,1050,Northern,FLUO-2,65,5013,4,419,2801838.65,374.3744783
3,2008/2009,Silvânia,GO,1050,Northern,FLUZ-2,65,5013,4,2894,2801838.65,981.9994484
3,2008/2009,Silvânia,GO,1050,Northern,PROCY-2,65,5013,4,1763,2801838.65,1030.068768
4,2008/2009,Mauá da Serra,PR,1029,Southern,AACHECK-0,69,6216,4,6216,1659291.06,1829.72129
4,2008/2009,Mauá da Serra,PR,1029,Southern,DIMO+BOSC-2,69,6216,4,1592,1659291.06,1105.676264
4,2008/2009,Mauá da Serra,PR,1029,Southern,FLUO-2,69,6216,4,1080,1659291.06,700.8566187
4,2008/2009,Mauá da Serra,PR,1029,Southern,FLUZ-2,69,6216,4,1456,1659291.06,1962.926387
4,2008/2009,Mauá da Serra,PR,1029,Southern,PROCY-2,69,6216,4,1744,1659291.06,258.2247083
5,2008/2009,Nova Ponte,MG,999,Northern,AACHECK-0,21,8500,4,8500,1378385.61,625
5,2008/2009,Nova Ponte,MG,999,Northern,DIMO+BOSC-2,21,8500,4,3117,1378385.61,902.1675288
5,2008/2009,Nova Ponte,MG,999,Northern,FLUO-2,21,8500,4,2833,1378385.61,314.5764348
5,2008/2009,Nova Ponte,MG,999,Northern,FLUZ-2,21,8500,4,3000,1378385.61,777.2815878
5,2008/2009,Nova Ponte,MG,999,Northern,PROCY-2,21,8500,4,3000,1378385.61,144.3375673
6,2009/2010,Montividiu,GO,921,Northern,AACHECK-0,90.3,2225,5,2225,137554.55,929.7387066
6,2009/2010,Montividiu,GO,921,Northern,DIMO+BOSC-2,90.3,2225,5,341,137554.55,103.3299731
6,2009/2010,Montividiu,GO,921,Northern,FLUO-2,90.3,2225,5,541,137554.55,21.65063509
6,2009/2010,Montividiu,GO,921,Northern,FLUZ-2,90.3,2225,5,601,137554.55,241.1722673
6,2009/2010,Montividiu,GO,921,Northern,PROCY-2,90.3,2225,5,842,137554.55,383.1747861
6,2009/2010,Montividiu,GO,921,Northern,TIOF-4,90.3,2225,5,822,137554.55,212.2547604
7,2009/2010,São Miguel do Passa Quatro,GO,1027,Northern,AACHECK-0,39.4,5653,5,5653,260992.05,385.208277
7,2009/2010,São Miguel do Passa Quatro,GO,1027,Northern,DIMO+BOSC-2,39.4,5653,5,702,260992.05,138.5847364
7,2009/2010,São Miguel do Passa Quatro,GO,1027,Northern,FLUO-2,39.4,5653,5,401,260992.05,149.4346987
7,2009/2010,São Miguel do Passa Quatro,GO,1027,Northern,FLUZ-2,39.4,5653,5,1002,260992.05,279.322096
7,2009/2010,São Miguel do Passa Quatro,GO,1027,Northern,PROCY-2,39.4,5653,5,1664,260992.05,705.2167959
7,2009/2010,São Miguel do Passa Quatro,GO,1027,Northern,TIOF-4,39.4,5653,5,2405,260992.05,194.2868905
8,2009/2010,Água Fria,GO,891,Northern,AACHECK-0,37.7,5092,5,5092,2612744.73,1919.119807
8,2009/2010,Água Fria,GO,891,Northern,DIMO+BOSC-2,37.7,5092,5,20,2612744.73,18.75
8,2009/2010,Água Fria,GO,891,Northern,FLUO-2,37.7,5092,5,1203,2612744.73,693.9001339
8,2009/2010,Água Fria,GO,891,Northern,FLUZ-2,37.7,5092,5,1123,2612744.73,739.3955161
8,2009/2010,Água Fria,GO,891,Northern,PROCY-2,37.7,5092,5,180,2612744.73,131.497782
8,2009/2010,Água Fria,GO,891,Northern,TIOF-4,37.7,5092,5,6154,2612744.73,678.1177995
9,2009/2010,Campo Verde,MT,985,Northern,AACHECK-0,43.7,461,7,461,63563.29,256.6336051
9,2009/2010,Campo Verde,MT,985,Northern,FLUO-2,43.7,461,7,80,63563.29,78.09832878
9,2009/2010,Campo Verde,MT,985,Northern,FLUZ-2,43.7,461,7,180,63563.29,214.0129961
9,2009/2010,Campo Verde,MT,985,Northern,PROCY-2,43.7,461,7,160,63563.29,98.55994369
9,2009/2010,Campo Verde,MT,985,Northern,TIOF-4,43.7,461,7,481,63563.29,529.8171855
10,2009/2010,Nova Ponte,MG,1005,Northern,AACHECK-0,16.5,1804,5,1804,387988.87,684.6531969
10,2009/2010,Nova Ponte,MG,1005,Northern,DIMO+BOSC-2,16.5,1804,5,301,387988.87,151.8977178
10,2009/2010,Nova Ponte,MG,1005,Northern,FLUO-2,16.5,1804,5,261,387988.87,143.9762712
10,2009/2010,Nova Ponte,MG,1005,Northern,FLUZ-2,16.5,1804,5,2245,387988.87,1017.426287
10,2009/2010,Nova Ponte,MG,1005,Northern,PROCY-2,16.5,1804,5,1704,387988.87,563.6562191
10,2009/2010,Nova Ponte,MG,1005,Northern,TIOF-4,16.5,1804,5,2646,387988.87,954.0210952
11,2009/2010,Uberlândia,MG,947,Northern,AACHECK-0,32,4370,5,4370,2910397.73,1159.202312
11,2009/2010,Uberlândia,MG,947,Northern,DIMO+BOSC-2,32,4370,5,2606,2910397.73,868.1877677
11,2009/2010,Uberlândia,MG,947,Northern,FLUO-2,32,4370,5,1163,2910397.73,831.257832
11,2009/2010,Uberlândia,MG,947,Northern,FLUZ-2,32,4370,5,3247,2910397.73,1516.626602
11,2009/2010,Uberlândia,MG,947,Northern,PROCY-2,32,4370,5,5533,2910397.73,3953.21599
11,2009/2010,Uberlândia,MG,947,Northern,TIOF-4,32,4370,5,1764,2910397.73,147.7258158
13,2009/2010,Mauá da Serra,PR,909,Southern,AACHECK-0,40.6,2606,5,2606,48419.07,433.7990786
13,2009/2010,Mauá da Serra,PR,909,Southern,DIMO+BOSC-2,40.6,2606,5,241,48419.07,130.4858709
13,2009/2010,Mauá da Serra,PR,909,Southern,FLUO-2,40.6,2606,5,501,48419.07,182.5085614
13,2009/2010,Mauá da Serra,PR,909,Southern,FLUZ-2,40.6,2606,5,621,48419.07,192.5838562
13,2009/2010,Mauá da Serra,PR,909,Southern,PROCY-2,40.6,2606,5,702,48419.07,259.467353
13,2009/2010,Mauá da Serra,PR,909,Southern,TIOF-4,40.6,2606,5,1503,48419.07,196.177999
14,2010/2011,Montividiu,GO,921,Northern,AACHECK-0,43.1,2926,5,2926,37399.93,2926
14,2010/2011,Montividiu,GO,921,Northern,DIMO+BOSC-2,43.1,2926,5,188,37399.93,104.8093507
14,2010/2011,Montividiu,GO,921,Northern,FLUO-2,43.1,2926,5,254,37399.93,122.6417547
14,2010/2011,Montividiu,GO,921,Northern,FLUZ-2,43.1,2926,5,182,37399.93,90.06664199
14,2010/2011,Montividiu,GO,921,Northern,PROCY-2,43.1,2926,5,430,37399.93,65.43189844
14,2010/2011,Montividiu,GO,921,Northern,TIOF-4,43.1,2926,5,812,37399.93,351
15,2010/2011,São Miguel do Passa Quatro,GO,1027,Northern,AACHECK-0,31.28,1736,5,1736,151661.21,613.7045978
15,2010/2011,São Miguel do Passa Quatro,GO,1027,Northern,DIMO+BOSC-2,31.28,1736,5,156,151661.21,124.7664485
15,2010/2011,São Miguel do Passa Quatro,GO,1027,Northern,FLUO-2,31.28,1736,5,160,151661.21,117.7568116
15,2010/2011,São Miguel do Passa Quatro,GO,1027,Northern,FLUZ-2,31.28,1736,5,56,151661.21,34.15650255
15,2010/2011,São Miguel do Passa Quatro,GO,1027,Northern,PROCY-2,31.28,1736,5,10,151661.21,20
15,2010/2011,São Miguel do Passa Quatro,GO,1027,Northern,TIOF-4,31.28,1736,5,440,151661.21,389.5296309
16,2010/2011,Silvânia,GO,1050,Northern,AACHECK-0,36.8,4556,5,4556,2184348.29,4500
16,2010/2011,Silvânia,GO,1050,Northern,DIMO+BOSC-2,36.8,4556,5,260,2184348.29,327.4141109
16,2010/2011,Silvânia,GO,1050,Northern,FLUO-2,36.8,4556,5,166,2184348.29,106.3014581
16,2010/2011,Silvânia,GO,1050,Northern,FLUZ-2,36.8,4556,5,226,2184348.29,165.2271164
16,2010/2011,Silvânia,GO,1050,Northern,PROCY-2,36.8,4556,5,680,2184348.29,1106.947755
16,2010/2011,Silvânia,GO,1050,Northern,TIOF-4,36.8,4556,5,1030,2184348.29,1286.804829
17,2010/2011,Água Fria,GO,891,Northern,AACHECK-0,36,9480,5,9480,8351355.76,7385.842313
17,2010/2011,Água Fria,GO,891,Northern,DIMO+BOSC-2,36,9480,5,760,8351355.76,327.1594922
17,2010/2011,Água Fria,GO,891,Northern,FLUO-2,36,9480,5,2820,8351355.76,1819.697777
17,2010/2011,Água Fria,GO,891,Northern,FLUZ-2,36,9480,5,4480,8351355.76,2110.884491
17,2010/2011,Água Fria,GO,891,Northern,PROCY-2,36,9480,5,400,8351355.76,189.2969449
17,2010/2011,Água Fria,GO,891,Northern,TIOF-4,36,9480,5,5200,8351355.76,3763.416001
18,2010/2011,Ponta Grossa,PR,1021,Southern,AACHECK-0,64.5,9380,5,9380,7233103.39,4578.521951
18,2010/2011,Ponta Grossa,PR,1021,Southern,DIMO+BOSC-2,64.5,9380,5,3270,7233103.39,2094.895963
18,2010/2011,Ponta Grossa,PR,1021,Southern,FLUO-2,64.5,9380,5,5280,7233103.39,4534.650498
18,2010/2011,Ponta Grossa,PR,1021,Southern,FLUZ-2,64.5,9380,5,2050,7233103.39,1711.227594
18,2010/2011,Ponta Grossa,PR,1021,Southern,PROCY-2,64.5,9380,5,900,7233103.39,883.1130101
18,2010/2011,Ponta Grossa,PR,1021,Southern,TIOF-4,64.5,9380,5,5120,7233103.39,625.919352
19,2010/2011,Marilândia do Sul,PR,868,Southern,AACHECK-0,15.4,5700,5,5700,4084133.53,6000
19,2010/2011,Marilândia do Sul,PR,868,Southern,DIMO+BOSC-2,15.4,5700,5,660,4084133.53,327.1594922
19,2010/2011,Marilândia do Sul,PR,868,Southern,FLUO-2,15.4,5700,5,2800,4084133.53,1819.697777
19,2010/2011,Marilândia do Sul,PR,868,Southern,FLUZ-2,15.4,5700,5,1100,4084133.53,2110.884491
19,2010/2011,Marilândia do Sul,PR,868,Southern,PROCY-2,15.4,5700,5,800,4084133.53,189.2969449
19,2010/2011,Marilândia do Sul,PR,868,Southern,TIOF-4,15.4,5700,5,2360,4084133.53,3763.416001
20,2011/2012,São Miguel do Passa Quatro,GO,1027,Northern,AACHECK-0,42.1,3277,5,3277,896316.45,1989.044342
20,2011/2012,São Miguel do Passa Quatro,GO,1027,Northern,DIMO+BOSC-2,42.1,3277,5,863,896316.45,462.2831699
20,2011/2012,São Miguel do Passa Quatro,GO,1027,Northern,FLUO-2,42.1,3277,5,1894,896316.45,1304.189563
20,2011/2012,São Miguel do Passa Quatro,GO,1027,Northern,FLUZ-2,42.1,3277,5,2266,896316.45,446.1992268
20,2011/2012,São Miguel do Passa Quatro,GO,1027,Northern,PROCY-2,42.1,3277,5,1606,896316.45,1303.612768
20,2011/2012,São Miguel do Passa Quatro,GO,1027,Northern,TIOF-4,42.1,3277,5,3062,896316.45,585.9371944
21,2011/2012,Goianira,GO,737,Northern,AACHECK-0,34.7,3618,5,3618,101236.56,358.2037072
21,2011/2012,Goianira,GO,737,Northern,DIMO+BOSC-2,34.7,3618,5,24,101236.56,48.75
21,2011/2012,Goianira,GO,737,Northern,FLUO-2,34.7,3618,5,278,101236.56,274.7148142
21,2011/2012,Goianira,GO,737,Northern,FLUZ-2,34.7,3618,5,2308,101236.56,610.1314749
21,2011/2012,Goianira,GO,737,Northern,PROCY-2,34.7,3618,5,351,101236.56,126.5652006
21,2011/2012,Goianira,GO,737,Northern,TIOF-4,34.7,3618,5,2774,101236.56,269.022149
22,2011/2012,Uberlândia,MG,947,Northern,AACHECK-0,46.3,4308,5,4308,1707125.76,1520.58788
22,2011/2012,Uberlândia,MG,947,Northern,DIMO+BOSC-2,46.3,4308,5,1242,1707125.76,159.5349143
22,2011/2012,Uberlândia,MG,947,Northern,FLUO-2,46.3,4308,5,596,1707125.76,235.0384135
22,2011/2012,Uberlândia,MG,947,Northern,FLUZ-2,46.3,4308,5,1771,1707125.76,658.4651769
22,2011/2012,Uberlândia,MG,947,Northern,PROCY-2,46.3,4308,5,1604,1707125.76,731.74544
22,2011/2012,Uberlândia,MG,947,Northern,TIOF-4,46.3,4308,5,3290,1707125.76,1589.363517
27,2011/2012,São Desiderio,BA,844,Northern,AACHECK-0,100,8892,5,8892,267407.73,1395.864368
27,2011/2012,São Desiderio,BA,844,Northern,DIMO+BOSC-2,100,8892,5,1051.75,267407.73,204.1802717
27,2011/2012,São Desiderio,BA,844,Northern,FLUO-2,100,8892,5,822,267407.73,236.0677869
27,2011/2012,São Desiderio,BA,844,Northern,FLUZ-2,100,8892,5,873.5,267407.73,260.6933064
27,2011/2012,São Desiderio,BA,844,Northern,PROCY-2,100,8892,5,756,267407.73,83.47454702
27,2011/2012,São Desiderio,BA,844,Northern,TIOF-4,100,8892,5,1520,267407.73,277.5127625
28,2011/2012,Montividiu,GO,921,Northern,AACHECK-0,24.38,1226.1,5,1226.1,79746.68,774.3066834
28,2011/2012,Montividiu,GO,921,Northern,DIMO+BOSC-2,24.38,1226.1,5,50.25,79746.68,60.3
28,2011/2012,Montividiu,GO,921,Northern,FLUO-2,24.38,1226.1,5,120.6,79746.68,143.0728486
28,2011/2012,Montividiu,GO,921,Northern,FLUZ-2,24.38,1226.1,5,40.2,79746.68,56.85138521
28,2011/2012,Montividiu,GO,921,Northern,PROCY-2,24.38,1226.1,5,402,79746.68,378.5351767
28,2011/2012,Montividiu,GO,921,Northern,TIOF-4,24.38,1226.1,5,231.15,79746.68,195.2219506
30,2011/2012,Faxinal,PR,991,Southern,AACHECK-0,36.75,14956,5,14956,22602159.64,8517.210811
30,2011/2012,Faxinal,PR,993,Southern,DIMO+BOSC-2,36.75,14956,5,4280,22602159.64,1563.201842
30,2011/2012,Faxinal,PR,994,Southern,FLUO-2,36.75,14956,5,2868,22602159.64,1593.085057
30,2011/2012,Faxinal,PR,995,Southern,FLUZ-2,36.75,14956,5,6152,22602159.64,3007.710092
30,2011/2012,Faxinal,PR,997,Southern,PROCY-2,36.75,14956,5,8564,22602159.64,6304.449223
30,2011/2012,Faxinal,PR,998,Southern,TIOF-4,36.75,14956,5,14428,22602159.64,5869.286158
35,2012/2013,Jataí,GO,749,Northern,AACHECK-0,12.13,3580.77,4,3580.77,443665.65,1368.8778
35,2012/2013,Jataí,GO,749,Northern,DIMO+BOSC-2,12.13,3580.77,4,107.69,443665.65,96.4866037
35,2012/2013,Jataí,GO,749,Northern,FLUO-2,12.13,3580.77,4,261.54,443665.65,404.1207857
35,2012/2013,Jataí,GO,749,Northern,FLUZ-2,12.13,3580.77,4,276.92,443665.65,159.881613
35,2012/2013,Jataí,GO,749,Northern,PROCY-2,12.13,3580.77,4,453.85,443665.65,369.5511431
36,2012/2013,São Miguel do Passa Quatro,GO,1027,Northern,AACHECK-0,7.23,687.5,4,687.5,58944.13,700.7436526
36,2012/2013,São Miguel do Passa Quatro,GO,1027,Northern,DIMO+BOSC-2,7.23,687.5,4,75,58944.13,88.9756521
36,2012/2013,São Miguel do Passa Quatro,GO,1027,Northern,FLUO-2,7.23,687.5,4,18.75,58944.13,23.93567769
36,2012/2013,São Miguel do Passa Quatro,GO,1027,Northern,FLUZ-2,7.23,687.5,4,62.5,58944.13,75
36,2012/2013,São Miguel do Passa Quatro,GO,1027,Northern,PROCY-2,7.23,687.5,4,112.5,58944.13,116.368667
37,2012/2013,Faxinal,PR,820,Southern,AACHECK-0,58.25,7244,4,7244,2367271.212,1529.862739
37,2012/2013,Faxinal,PR,820,Southern,DIMO+BOSC-2,58.25,7244,4,3692,2367271.212,1246.483052
37,2012/2013,Faxinal,PR,820,Southern,FLUO-2,58.25,7244,4,2348,2367271.212,735.7445209
37,2012/2013,Faxinal,PR,820,Southern,FLUZ-2,58.25,7244,4,4364,2367271.212,1081.88724
37,2012/2013,Faxinal,PR,820,Southern,PROCY-2,58.25,7244,4,5648,2367271.212,2453.83781
38,2012/2013,Uberlândia,MG,947,Northern,AACHECK-0,21.68,7564,6,7564,62501.9513,543.2813881
38,2012/2013,Uberlândia,MG,947,Northern,DIMO+BOSC-2,21.68,7564,6,758.75,62501.9513,243.3233445
38,2012/2013,Uberlândia,MG,947,Northern,PROCY-2,21.68,7564,6,165,62501.9513,142.0093894
39,2012/2013,Ponta Grossa,PR,1021,Southern,AACHECK-0,14.69,6729.63,4,6729.63,7425961.778,3038.646066
39,2012/2013,Ponta Grossa,PR,1021,Southern,DIMO+BOSC-2,14.69,6729.63,4,457.87,7425961.778,540.4116515
39,2012/2013,Ponta Grossa,PR,1021,Southern,FLUO-2,14.69,6729.63,4,1542.59,7425961.778,1151.620595
39,2012/2013,Ponta Grossa,PR,1021,Southern,FLUZ-2,14.69,6729.63,4,4262.04,7425961.778,5248.455583
39,2012/2013,Ponta Grossa,PR,1021,Southern,PROCY-2,14.69,6729.63,4,2593.06,7425961.778,2324.15025
42,2013/2014,Mauá da Serra,PR,909,Southern,AACHECK-0,33.25,4340,1,4340,404994.8718,837.4962686
42,2013/2014,Mauá da Serra,PR,909,Southern,CARB+PROCY-2,33.25,4340,1,512,404994.8718,495.7015231
42,2013/2014,Mauá da Serra,PR,909,Southern,DIMO+BOSC-2,33.25,4340,1,252,404994.8718,208.614477
42,2013/2014,Mauá da Serra,PR,909,Southern,FLUO-2,33.25,4340,1,568,404994.8718,772.735401
42,2013/2014,Mauá da Serra,PR,909,Southern,FLUZ-2,33.25,4340,1,796,404994.8718,194.62785
42,2013/2014,Mauá da Serra,PR,909,Southern,PROCY-2,33.25,4340,1,512,404994.8718,502.3146424
42,2013/2014,Mauá da Serra,PR,909,Southern,TIOF-4,33.25,4340,1,1332,404994.8718,1254.958167
43,2013/2014,Ponta Grossa,PR,1021,Southern,AACHECK-0,41.25,4935.71,1,4935.71,1105826.636,2175.353634
43,2013/2014,Ponta Grossa,PR,1021,Southern,CARB+PROCY-2,41.25,4935.71,1,1187.3,1105826.636,438.4248434
43,2013/2014,Ponta Grossa,PR,1021,Southern,DIMO+BOSC-2,41.25,4935.71,1,2172.62,1105826.636,449.2790245
43,2013/2014,Ponta Grossa,PR,1021,Southern,FLUO-2,41.25,4935.71,1,2315.87,1105826.636,452.3206123
43,2013/2014,Ponta Grossa,PR,1021,Southern,FLUZ-2,41.25,4935.71,1,2538.49,1105826.636,733.7928598
43,2013/2014,Ponta Grossa,PR,1021,Southern,PROCY-2,41.25,4935.71,1,2039.68,1105826.636,723.7178537
43,2013/2014,Ponta Grossa,PR,1021,Southern,TIOF-4,41.25,4935.71,1,5443.65,1105826.636,1380.820708
45,2014/2015,Rio Verde,GO,921,Northern,AACHECK-0,27.25,354.17,1,354.17,7622.7842,105.7398975
45,2014/2015,Rio Verde,GO,921,Northern,CARB+PROCY-2,27.25,354.17,1,97.23,7622.7842,54.7153126
45,2014/2015,Rio Verde,GO,921,Northern,DIMO+BOSC-2,27.25,354.17,1,34.73,7622.7842,13.89
45,2014/2015,Rio Verde,GO,921,Northern,FLUO-2,27.25,354.17,1,104.17,7622.7842,17.65011497
45,2014/2015,Rio Verde,GO,921,Northern,FLUZ-2,27.25,354.17,1,90.28,7622.7842,11.12784907
45,2014/2015,Rio Verde,GO,921,Northern,PROCY-2,27.25,354.17,1,211.81,7622.7842,133.1922806
45,2014/2015,Rio Verde,GO,921,Northern,TIOF-4,27.25,354.17,1,229.17,7622.7842,88.23430866
46,2014/2015,Ponta Grossa,PR,1021,Southern,AACHECK-0,26.88,2970.63,1,2970.63,713440.258,1216.777883
46,2014/2015,Ponta Grossa,PR,1021,Southern,CARB+PROCY-2,26.88,2970.63,1,830.95,713440.258,965.2329487
46,2014/2015,Ponta Grossa,PR,1021,Southern,DIMO+BOSC-2,26.88,2970.63,1,1165.08,713440.258,664.9726525
46,2014/2015,Ponta Grossa,PR,1021,Southern,FLUO-2,26.88,2970.63,1,1713.49,713440.258,821.9857273
46,2014/2015,Ponta Grossa,PR,1021,Southern,FLUZ-2,26.88,2970.63,1,1965.08,713440.258,1081.214569
46,2014/2015,Ponta Grossa,PR,1021,Southern,PROCY-2,26.88,2970.63,1,2387.3,713440.258,748.0163692
46,2014/2015,Ponta Grossa,PR,1021,Southern,TIOF-4,26.88,2970.63,1,2845.63,713440.258,1741.526836
48,2014/2015,Mauá da Serra,PR,909,Southern,AACHECK-0,10.75,3312,1,3312,184773.8378,1201.132799
48,2014/2015,Mauá da Serra,PR,909,Southern,CARB+PROCY-2,10.75,3312,1,116,184773.8378,144.4991349
48,2014/2015,Mauá da Serra,PR,909,Southern,DIMO+BOSC-2,10.75,3312,1,212,184773.8378,298.8645178
48,2014/2015,Mauá da Serra,PR,909,Southern,FLUO-2,10.75,3312,1,60,184773.8378,46.9041576
48,2014/2015,Mauá da Serra,PR,909,Southern,FLUZ-2,10.75,3312,1,280,184773.8378,357.4912586
48,2014/2015,Mauá da Serra,PR,909,Southern,PROCY-2,10.75,3312,1,182,184773.8378,113.3137238
48,2014/2015,Mauá da Serra,PR,909,Southern,TIOF-4,10.75,3312,1,576,184773.8378,435.7522232
49,2015/2016,Montividiu,GO,921,Northern,AACHECK-0,36.25,273.52,1,273.52,1790.337,89.41069413
49,2015/2016,Montividiu,GO,921,Northern,CARB+PROCY-2,36.25,273.52,1,124.11,1790.337,56.0331196
49,2015/2016,Montividiu,GO,921,Northern,DIMO+BOSC-2,36.25,273.52,1,46.84,1790.337,24.82323173
49,2015/2016,Montividiu,GO,921,Northern,FLUO-2,36.25,273.52,1,49.11,1790.337,19.04979681
49,2015/2016,Montividiu,GO,921,Northern,FLUZ-2,36.25,273.52,1,66.86,1790.337,31.93970883
49,2015/2016,Montividiu,GO,921,Northern,PROCY-2,36.25,273.52,1,105,1790.337,20.02336809
49,2015/2016,Montividiu,GO,921,Northern,TIOF-4,36.25,273.52,1,140.25,1790.337,40.25447418
50,2015/2016,Montividiu,GO,921,Northern,AACHECK-0,50.92,1031.88,1,1031.88,168361.5556,1029.579961
50,2015/2016,Montividiu,GO,921,Northern,CARB+PROCY-2,50.92,1031.88,1,113.75,168361.5556,101.0466064
50,2015/2016,Montividiu,GO,921,Northern,DIMO+BOSC-2,50.92,1031.88,1,195,168361.5556,147.7469684
50,2015/2016,Montividiu,GO,921,Northern,FLUO-2,50.92,1031.88,1,235.63,168361.5556,168.6141428
50,2015/2016,Montividiu,GO,921,Northern,FLUZ-2,50.92,1031.88,1,186.88,168361.5556,168.6141428
50,2015/2016,Montividiu,GO,921,Northern,PROCY-2,50.92,1031.88,1,227,168361.5556,178.0098312
50,2015/2016,Montividiu,GO,921,Northern,TIOF-4,50.92,1031.88,1,560.63,168361.5556,449.0609415
51,2015/2016,Silvânia,GO,1050,Northern,AACHECK-0,30.98,2000,1,2000,373905.1111,141.4213562
51,2015/2016,Silvânia,GO,1050,Northern,CARB+PROCY-2,30.98,2000,1,490,373905.1111,247.3863375
51,2015/2016,Silvânia,GO,1050,Northern,DIMO+BOSC-2,30.98,2000,1,275,373905.1111,110
51,2015/2016,Silvânia,GO,1050,Northern,FLUO-2,30.98,2000,1,295,373905.1111,166.8332501
51,2015/2016,Silvânia,GO,1050,Northern,FLUZ-2,30.98,2000,1,260,373905.1111,116.6190379
51,2015/2016,Silvânia,GO,1050,Northern,PROCY-2,30.98,2000,1,797.5,373905.1111,861.8543132
51,2015/2016,Silvânia,GO,1050,Northern,TIOF-4,30.98,2000,1,920,373905.1111,790.9487973
52,2015/2016,Silvânia,GO,1050,Northern,AACHECK-0,27.23,2025,1,2025,354610,221.7355783
52,2015/2016,Silvânia,GO,1050,Northern,CARB+PROCY-2,27.23,2025,1,1260,354610,768.0277773
52,2015/2016,Silvânia,GO,1050,Northern,DIMO+BOSC-2,27.23,2025,1,1000,354610,1016.398872
52,2015/2016,Silvânia,GO,1050,Northern,FLUO-2,27.23,2025,1,200,354610,71.18052168
52,2015/2016,Silvânia,GO,1050,Northern,FLUZ-2,27.23,2025,1,175,354610,115.9022577
52,2015/2016,Silvânia,GO,1050,Northern,PROCY-2,27.23,2025,1,497.5,354610,634.3894703
52,2015/2016,Silvânia,GO,1050,Northern,TIOF-4,27.23,2025,1,910,354610,855.8037158
53,2015/2016,Uberlândia,MG,863,Northern,AACHECK-0,17.5,1992.5,1,1992.5,101515.0933,623.6117916
53,2015/2016,Uberlândia,MG,863,Northern,CARB+PROCY-2,17.5,1992.5,2,10,101515.0933,10
53,2015/2016,Uberlândia,MG,863,Northern,DIMO+BOSC-2,17.5,1992.5,2,297.5,101515.0933,336.4892272
53,2015/2016,Uberlândia,MG,863,Northern,FLUO-2,17.5,1992.5,2,114,101515.0933,228
53,2015/2016,Uberlândia,MG,863,Northern,PROCY-2,17.5,1992.5,2,132.5,101515.0933,231.5013113
53,2015/2016,Uberlândia,MG,863,Northern,TIOF-4,17.5,1992.5,2,577.5,101515.0933,377.9219496
54,2015/2016,Barreiras,BA,454,Northern,AACHECK-0,29.29,1261.9,1,1261.9,21572.7252,92.89287737
54,2015/2016,Barreiras,BA,454,Northern,CARB+PROCY-2,29.29,1261.9,1,410.55,21572.7252,128.420598
54,2015/2016,Barreiras,BA,454,Northern,DIMO+BOSC-2,29.29,1261.9,1,172.65,21572.7252,46.14025719
54,2015/2016,Barreiras,BA,454,Northern,FLUO-2,29.29,1261.9,1,45.05,21572.7252,27.82211351
54,2015/2016,Barreiras,BA,454,Northern,FLUZ-2,29.29,1261.9,1,718.8,21572.7252,389.6045089
54,2015/2016,Barreiras,BA,454,Northern,PROCY-2,29.29,1261.9,1,341.24,21572.7252,148.1159482
54,2015/2016,Barreiras,BA,454,Northern,TIOF-4,29.29,1261.9,1,825.03,21572.7252,43.91023988
55,2015/2016,Júlio de  Castilhos,RS,513,Southern,AACHECK-0,28.75,208,1,208,11013.0311,72.38784428
55,2015/2016,Júlio de  Castilhos,RS,513,Southern,CARB+PROCY-2,28.75,208,1,97.5,11013.0311,118.0211845
55,2015/2016,Júlio de  Castilhos,RS,513,Southern,DIMO+BOSC-2,28.75,208,1,95.5,11013.0311,85.79627032
55,2015/2016,Júlio de  Castilhos,RS,513,Southern,FLUO-2,28.75,208,1,37,11013.0311,40.348482
55,2015/2016,Júlio de  Castilhos,RS,513,Southern,FLUZ-2,28.75,208,1,139.5,11013.0311,191.7107196
55,2015/2016,Júlio de  Castilhos,RS,513,Southern,PROCY-2,28.75,208,1,97,11013.0311,92.9946235
55,2015/2016,Júlio de  Castilhos,RS,513,Southern,TIOF-4,28.75,208,1,193,11013.0311,131.1741845
56,2015/2016,Júlio de  Castilhos,RS,513,Southern,AACHECK-0,41.25,7091.75,1,7091.75,3836818.233,2740.072307
56,2015/2016,Júlio de  Castilhos,RS,513,Southern,CARB+PROCY-2,41.25,7091.75,1,674,3836818.233,550.0957492
56,2015/2016,Júlio de  Castilhos,RS,513,Southern,DIMO+BOSC-2,41.25,7091.75,1,602.5,3836818.233,558.1358855
56,2015/2016,Júlio de  Castilhos,RS,513,Southern,FLUO-2,41.25,7091.75,1,485,3836818.233,778.5276702
56,2015/2016,Júlio de  Castilhos,RS,513,Southern,FLUZ-2,41.25,7091.75,1,830,3836818.233,876.1978468
56,2015/2016,Júlio de  Castilhos,RS,513,Southern,PROCY-2,41.25,7091.75,1,2587.5,3836818.233,3175.246537
56,2015/2016,Júlio de  Castilhos,RS,513,Southern,TIOF-4,41.25,7091.75,1,4511.5,3836818.233,2069.718419
57,2015/2016,Mauá da Serra,PR,909,Southern,AACHECK-0,23.44,770,1,770,25410,202.9778313
57,2015/2016,Mauá da Serra,PR,909,Southern,CARB+PROCY-2,23.44,770,1,335,25410,219.317122
57,2015/2016,Mauá da Serra,PR,909,Southern,DIMO+BOSC-2,23.44,770,1,95,25410,68.06859286
57,2015/2016,Mauá da Serra,PR,909,Southern,FLUO-2,23.44,770,1,95,25410,85.44003745
57,2015/2016,Mauá da Serra,PR,909,Southern,FLUZ-2,23.44,770,1,280,25410,204.6134567
57,2015/2016,Mauá da Serra,PR,909,Southern,PROCY-2,23.44,770,1,307.5,25410,138.5382876
57,2015/2016,Mauá da Serra,PR,909,Southern,TIOF-4,23.44,770,1,275,25410,167.6305461
58,2015/2016,Faxinal,PR,820,Southern,AACHECK-0,13.13,570,1,570,23558.2222,157.9029238
58,2015/2016,Faxinal,PR,820,Southern,CARB+PROCY-2,13.13,570,1,60,23558.2222,120
58,2015/2016,Faxinal,PR,820,Southern,FLUZ-2,13.13,570,1,235,23558.2222,111.2055155
58,2015/2016,Faxinal,PR,820,Southern,PROCY-2,13.13,570,1,270,23558.2222,167.6731514
58,2015/2016,Faxinal,PR,820,Southern,TIOF-4,13.13,570,1,320,23558.2222,343.7053001
59,2016/2017,Ponta Grossa,PR,1021,Southern,AACHECK-0,3.75,77.18,1,77.18,2061.9019,75.89939713
59,2016/2017,Ponta Grossa,PR,1021,Southern,CARB+PROCY-2,3.75,77.18,1,9.64,2061.9019,19.28571429
59,2016/2017,Ponta Grossa,PR,1021,Southern,DIMO+BOSC-2,3.75,77.18,1,27.14,2061.9019,48.54098711
59,2016/2017,Ponta Grossa,PR,1021,Southern,FLUO-2,3.75,77.18,1,38.06,2061.9019,76.11111111
59,2016/2017,Ponta Grossa,PR,1021,Southern,FLUZ-2,3.75,77.18,1,33.17,2061.9019,30.26519776
59,2016/2017,Ponta Grossa,PR,1021,Southern,PROCY-2,3.75,77.18,1,26.05,2061.9019,39.75770093
59,2016/2017,Ponta Grossa,PR,1021,Southern,TIOF-4,3.75,77.18,1,22.94,2061.9019,16.48884733
60,2016/2017,Pitanga,PR,952,Southern,AACHECK-0,46.5,8333.33,1,8333.33,955080.7467,760.7275324
60,2016/2017,Pitanga,PR,952,Southern,CARB+PROCY-2,46.5,8333.33,1,1180.55,955080.7467,146.1074848
60,2016/2017,Pitanga,PR,952,Southern,DIMO+BOSC-2,46.5,8333.33,1,2638.89,955080.7467,506.6431119
60,2016/2017,Pitanga,PR,952,Southern,FLUO-2,46.5,8333.33,1,1851.89,955080.7467,796.5116022
60,2016/2017,Pitanga,PR,952,Southern,FLUZ-2,46.5,8333.33,1,8208.33,955080.7467,1666.126456
60,2016/2017,Pitanga,PR,952,Southern,PROCY-2,46.5,8333.33,1,3946.76,955080.7467,1166.969653
60,2016/2017,Pitanga,PR,952,Southern,TIOF-4,46.5,8333.33,1,4479.17,955080.7467,1043.886524
61,2016/2017,Silvânia,GO,1050,Northern,AACHECK-0,53.44,2900,1,2900,1374750,2144.761059
61,2016/2017,Silvânia,GO,1050,Northern,CARB+PROCY-2,53.44,2900,1,650,1374750,772.4420151
61,2016/2017,Silvânia,GO,1050,Northern,DIMO+BOSC-2,53.44,2900,1,500,1374750,476.0952286
61,2016/2017,Silvânia,GO,1050,Northern,FLUO-2,53.44,2900,1,400,1374750,230.9401077
61,2016/2017,Silvânia,GO,1050,Northern,FLUZ-2,53.44,2900,1,350,1374750,191.4854216
61,2016/2017,Silvânia,GO,1050,Northern,PROCY-2,53.44,2900,1,1075,1374750,1165.884091
61,2016/2017,Silvânia,GO,1050,Northern,TIOF-4,53.44,2900,1,1700,1374750,1969.77156
62,2016/2017,Uberlândia,MG,863,Northern,AACHECK-0,23.75,902.5,1,902.5,29060.892,111.467484
62,2016/2017,Uberlândia,MG,863,Northern,CARB+PROCY-2,23.75,902.5,1,100,29060.892,100.6644591
62,2016/2017,Uberlândia,MG,863,Northern,DIMO+BOSC-2,23.75,902.5,1,109.75,29060.892,114.1063101
62,2016/2017,Uberlândia,MG,863,Northern,FLUO-2,23.75,902.5,1,85,29060.892,34.15650255
62,2016/2017,Uberlândia,MG,863,Northern,FLUZ-2,23.75,902.5,1,127.5,29060.892,183.5528988
62,2016/2017,Uberlândia,MG,863,Northern,PROCY-2,23.75,902.5,1,213.75,29060.892,303.5945369
62,2016/2017,Uberlândia,MG,863,Northern,TIOF-4,23.75,902.5,1,137.5,29060.892,50.57996968
63,2016/2017,Montividiu,GO,921,Northern,AACHECK-0,82,9051.25,1,9051.25,3729966.747,3525.663354
63,2016/2017,Montividiu,GO,921,Northern,CARB+PROCY-2,82,9051.25,1,3315,3729966.747,2380.869939
63,2016/2017,Montividiu,GO,921,Northern,DIMO+BOSC-2,82,9051.25,1,2193.75,3729966.747,2844.013083
63,2016/2017,Montividiu,GO,921,Northern,FLUO-2,82,9051.25,1,2185.63,3729966.747,1456.680552
63,2016/2017,Montividiu,GO,921,Northern,FLUZ-2,82,9051.25,1,1990.63,3729966.747,1374.350415
63,2016/2017,Montividiu,GO,921,Northern,PROCY-2,82,9051.25,1,2595.94,3729966.747,1717.40613
63,2016/2017,Montividiu,GO,921,Northern,TIOF-4,82,9051.25,1,5143.13,3729966.747,1855.894186
65,2016/2017,Palmeira,PR,865,Southern,AACHECK-0,14.69,40.12,1,40.12,61.7733,15.17062435
65,2016/2017,Palmeira,PR,865,Southern,CARB+PROCY-2,14.69,40.12,1,28.4,61.7733,5.963529525
65,2016/2017,Palmeira,PR,865,Southern,DIMO+BOSC-2,14.69,40.12,1,28.09,61.7733,9.148861759
65,2016/2017,Palmeira,PR,865,Southern,FLUO-2,14.69,40.12,1,19.75,61.7733,10.32913613
65,2016/2017,Palmeira,PR,865,Southern,FLUZ-2,14.69,40.12,1,26.54,61.7733,10.00431752
65,2016/2017,Palmeira,PR,865,Southern,PROCY-2,14.69,40.12,1,24.54,61.7733,10.18986051
65,2016/2017,Palmeira,PR,865,Southern,TIOF-4,14.69,40.12,1,21.6,61.7733,6.724335242
66,2016/2017,Mauá da Serra,PR,909,Southern,AACHECK-0,11.88,1205,1,1205,72632.8571,258.3924664
66,2016/2017,Mauá da Serra,PR,909,Southern,CARB+PROCY-2,11.88,1205,1,135,72632.8571,157.7973384
66,2016/2017,Mauá da Serra,PR,909,Southern,DIMO+BOSC-2,11.88,1205,1,75,72632.8571,150
66,2016/2017,Mauá da Serra,PR,909,Southern,FLUO-2,11.88,1205,1,155,72632.8571,179.1647287
66,2016/2017,Mauá da Serra,PR,909,Southern,FLUZ-2,11.88,1205,1,150,72632.8571,129.0994449
66,2016/2017,Mauá da Serra,PR,909,Southern,PROCY-2,11.88,1205,1,317.5,72632.8571,437.8437425
66,2016/2017,Mauá da Serra,PR,909,Southern,TIOF-4,11.88,1205,1,375,72632.8571,191.3983629
67,2017/2018,Mauá da Serra,PR,909,Southern,AACHECK-0,20.31,2470,8,2470,NA,1016.98
67,2017/2018,Mauá da Serra,PR,909,Southern,FLUZ-2,20.31,2470,8,360,NA,265.83
67,2017/2018,Mauá da Serra,PR,909,Southern,PROCY-2,20.31,2470,8,125,NA,144.56
67,2017/2018,Mauá da Serra,PR,909,Southern,TIOF-4,20.31,2470,8,740,NA,717.4
69,2017/2018,Rio Verde,GO,921,Northern,AACHECK-0,22.81,17856.3,8,17856.3,NA,5698.62
69,2017/2018,Rio Verde,GO,921,Northern,FLUZ-2,22.81,17856.3,8,493.75,NA,368.76
69,2017/2018,Rio Verde,GO,921,Northern,PROCY-2,22.81,17856.3,8,162.56,NA,197.31
69,2017/2018,Rio Verde,GO,921,Northern,TIOF-4,22.81,17856.3,8,16312.5,NA,9705.37
70,2017/2018,Montividiu,GO,921,Northern,AACHECK-0,90,3384.4,8,3384.37,NA,1549.64
70,2017/2018,Montividiu,GO,921,Northern,DIMO+BOSC-2,90,3384.4,8,1240.62,NA,793.75
70,2017/2018,Montividiu,GO,921,Northern,FLUO-2,90,3384.4,8,1784.37,NA,809.4
70,2017/2018,Montividiu,GO,921,Northern,FLUZ-2,90,3384.4,8,1175,NA,441.47
70,2017/2018,Montividiu,GO,921,Northern,PROCY-2,90,3384.4,8,1753.12,NA,720.99
70,2017/2018,Montividiu,GO,921,Northern,TIOF-4,90,3384.4,8,2765.62,NA,998.5
71,2017/2018,Silvânia,GO,1050,Northern,AACHECK-0,77.18,14360,8,14360,NA,2785.29
71,2017/2018,Silvânia,GO,1050,Northern,DIMO+BOSC-2,77.18,14360,8,3175,NA,613.05
71,2017/2018,Silvânia,GO,1050,Northern,FLUO-2,77.18,14360,8,4400,NA,1388.71
71,2017/2018,Silvânia,GO,1050,Northern,FLUZ-2,77.18,14360,8,5340,NA,2789.98
71,2017/2018,Silvânia,GO,1050,Northern,PROCY-2,77.18,14360,8,5380,NA,1722.16
71,2017/2018,Silvânia,GO,1050,Northern,TIOF-4,77.18,14360,8,8545,NA,2612.85
72,2017/2018,Pitanga,PR,952,Southern,AACHECK-0,26,2916.66,8,2916.66,NA,1839.07
72,2017/2018,Pitanga,PR,952,Southern,DIMO+BOSC-2,26,2916.66,8,107.63,NA,129.48
72,2017/2018,Pitanga,PR,952,Southern,FLUO-2,26,2916.66,8,138.88,NA,113.4
72,2017/2018,Pitanga,PR,952,Southern,FLUZ-2,26,2916.66,8,312.5,NA,208.33
72,2017/2018,Pitanga,PR,952,Southern,PROCY-2,26,2916.66,8,111.11,NA,125.76
72,2017/2018,Pitanga,PR,952,Southern,TIOF-4,26,2916.66,8,1145.83,NA,237.19
73,2017/2018,São Desiderio,BA,844,Northern,AACHECK-0,70.62,9507.5,8,9507.5,NA,1521.41
73,2017/2018,São Desiderio,BA,844,Northern,DIMO+BOSC-2,70.62,9507.5,8,1112.5,NA,425.78
73,2017/2018,São Desiderio,BA,844,Northern,FLUO-2,70.62,9507.5,8,2370,NA,1767.12
73,2017/2018,São Desiderio,BA,844,Northern,FLUZ-2,70.62,9507.5,8,4322.5,NA,2342.83
73,2017/2018,São Desiderio,BA,844,Northern,PROCY-2,70.62,9507.5,8,2790,NA,886.07
73,2017/2018,São Desiderio,BA,844,Northern,TIOF-4,70.62,9507.5,8,6042.5,NA,1266.1
74,2017/2018,São Miguel do Passa Quatro,GO,1027,Northern,AACHECK-0,66.56,7580,8,7580,NA,666.53
74,2017/2018,São Miguel do Passa Quatro,GO,1027,Northern,DIMO+BOSC-2,66.56,7580,8,1967.5,NA,183.18
74,2017/2018,São Miguel do Passa Quatro,GO,1027,Northern,FLUO-2,66.56,7580,8,2271.75,NA,397.91
74,2017/2018,São Miguel do Passa Quatro,GO,1027,Northern,FLUZ-2,66.56,7580,8,2825,NA,1821.01
74,2017/2018,São Miguel do Passa Quatro,GO,1027,Northern,PROCY-2,66.56,7580,8,3175,NA,897.6
74,2017/2018,São Miguel do Passa Quatro,GO,1027,Northern,TIOF-4,66.56,7580,8,4635,NA,2541.83
